index,unk0,too_tall,unk2_0,hover,unk3
TSURE_POKE_BULBASAUR,0,false,false,false,0
TSURE_POKE_IVYSAUR,0,false,false,false,0
TSURE_POKE_VENUSAUR,0,false,false,false,0
TSURE_POKE_VENUSAUR_F,0,false,false,false,0
TSURE_POKE_CHARMANDER,0,false,false,false,0
TSURE_POKE_CHARMELEON,0,false,false,false,0
TSURE_POKE_CHARIZARD,0,false,false,false,0
TSURE_POKE_SQUIRTLE,0,false,false,false,0
TSURE_POKE_WARTORTLE,0,false,false,false,0
TSURE_POKE_BLASTOISE,0,false,false,false,0
TSURE_POKE_CATERPIE,0,false,false,false,0
TSURE_POKE_METAPOD,0,false,false,false,0
TSURE_POKE_BUTTERFREE,0,false,true,true,0
TSURE_POKE_WEEDLE,0,false,false,false,0
TSURE_POKE_KAKUNA,0,false,false,false,0
TSURE_POKE_BEEDRILL,0,false,true,true,0
TSURE_POKE_PIDGEY,0,false,false,false,0
TSURE_POKE_PIDGEOTTO,0,false,true,true,0
TSURE_POKE_PIDGEOT,0,false,true,true,0
TSURE_POKE_RATTATA,0,false,false,false,0
TSURE_POKE_RATICATE,0,false,false,false,0
TSURE_POKE_SPEAROW,0,false,false,false,0
TSURE_POKE_FEAROW,0,false,true,true,0
TSURE_POKE_EKANS,0,false,false,false,0
TSURE_POKE_ARBOK,0,false,false,false,0
TSURE_POKE_PIKACHU,0,false,false,false,0
TSURE_POKE_PIKACHU_F,0,false,false,false,0
TSURE_POKE_RAICHU,0,false,false,false,0
TSURE_POKE_SANDSHREW,0,false,false,false,0
TSURE_POKE_SANDSLASH,0,false,false,false,0
TSURE_POKE_NIDORAN_F,0,false,false,false,0
TSURE_POKE_NIDORINA,0,false,false,false,0
TSURE_POKE_NIDOQUEEN,0,false,false,false,0
TSURE_POKE_NIDORAN_M,0,false,false,false,0
TSURE_POKE_NIDORINO,0,false,false,false,0
TSURE_POKE_NIDOKING,0,false,false,false,0
TSURE_POKE_CLEFAIRY,0,false,false,false,0
TSURE_POKE_CLEFABLE,0,false,false,false,0
TSURE_POKE_VULPIX,0,false,false,false,0
TSURE_POKE_NINETALES,0,false,false,false,0
TSURE_POKE_JIGGLYPUFF,0,false,false,false,0
TSURE_POKE_WIGGLYTUFF,0,false,false,false,0
TSURE_POKE_ZUBAT,0,false,true,true,0
TSURE_POKE_GOLBAT,0,false,true,true,0
TSURE_POKE_ODDISH,0,false,false,false,0
TSURE_POKE_GLOOM,0,false,false,false,0
TSURE_POKE_VILEPLUME,0,false,false,false,0
TSURE_POKE_PARAS,0,false,false,false,0
TSURE_POKE_PARASECT,0,false,false,false,0
TSURE_POKE_VENONAT,0,false,false,false,0
TSURE_POKE_VENOMOTH,0,false,true,true,0
TSURE_POKE_DIGLETT,0,false,false,true,0
TSURE_POKE_DUGTRIO,0,false,false,true,0
TSURE_POKE_MEOWTH,0,false,false,false,0
TSURE_POKE_PERSIAN,0,false,false,false,0
TSURE_POKE_PSYDUCK,0,false,false,false,0
TSURE_POKE_GOLDUCK,0,false,false,false,0
TSURE_POKE_MANKEY,0,false,false,false,0
TSURE_POKE_PRIMEAPE,0,false,false,false,0
TSURE_POKE_GROWLITHE,0,false,false,false,0
TSURE_POKE_ARCANINE,0,false,false,false,0
TSURE_POKE_POLIWAG,0,false,false,false,0
TSURE_POKE_POLIWHIRL,0,false,false,false,0
TSURE_POKE_POLIWRATH,0,false,false,false,0
TSURE_POKE_ABRA,0,false,true,true,0
TSURE_POKE_KADABRA,0,false,false,false,0
TSURE_POKE_ALAKAZAM,0,false,false,false,0
TSURE_POKE_MACHOP,0,false,false,false,0
TSURE_POKE_MACHOKE,0,false,false,false,0
TSURE_POKE_MACHAMP,0,false,false,false,0
TSURE_POKE_BELLSPROUT,0,false,false,false,0
TSURE_POKE_WEEPINBELL,0,false,false,false,0
TSURE_POKE_VICTREEBEL,0,false,false,false,0
TSURE_POKE_TENTACOOL,0,false,false,true,0
TSURE_POKE_TENTACRUEL,0,false,false,true,0
TSURE_POKE_GEODUDE,0,false,false,false,0
TSURE_POKE_GRAVELER,0,false,false,false,0
TSURE_POKE_GOLEM,0,false,false,false,0
TSURE_POKE_PONYTA,0,false,false,false,0
TSURE_POKE_RAPIDASH,0,false,false,false,0
TSURE_POKE_SLOWPOKE,0,false,false,false,0
TSURE_POKE_SLOWBRO,0,false,false,false,0
TSURE_POKE_MAGNEMITE,0,false,false,true,0
TSURE_POKE_MAGNETON,0,false,false,true,0
TSURE_POKE_FARFETCHD,0,false,false,false,0
TSURE_POKE_DODUO,0,false,false,false,0
TSURE_POKE_DODRIO,0,false,false,false,0
TSURE_POKE_SEEL,0,false,false,false,0
TSURE_POKE_DEWGONG,0,false,false,false,0
TSURE_POKE_GRIMER,0,false,false,false,0
TSURE_POKE_MUK,0,false,false,false,0
TSURE_POKE_SHELLDER,0,false,false,false,0
TSURE_POKE_CLOYSTER,0,false,false,false,0
TSURE_POKE_GASTLY,0,false,true,true,0
TSURE_POKE_HAUNTER,0,false,false,true,0
TSURE_POKE_GENGAR,0,false,false,false,0
TSURE_POKE_ONIX,0,false,false,false,0
TSURE_POKE_DROWZEE,0,false,false,false,0
TSURE_POKE_HYPNO,0,false,false,false,0
TSURE_POKE_KRABBY,0,false,false,false,0
TSURE_POKE_KINGLER,0,false,false,false,0
TSURE_POKE_VOLTORB,0,false,false,false,0
TSURE_POKE_ELECTRODE,0,false,false,false,0
TSURE_POKE_EXEGGCUTE,0,false,false,false,0
TSURE_POKE_EXEGGUTOR,0,false,false,false,0
TSURE_POKE_CUBONE,0,false,false,false,0
TSURE_POKE_MAROWAK,0,false,false,false,0
TSURE_POKE_HITMONLEE,0,false,false,false,0
TSURE_POKE_HITMONCHAN,0,false,false,false,0
TSURE_POKE_LICKITUNG,0,false,false,false,0
TSURE_POKE_KOFFING,0,false,false,true,0
TSURE_POKE_WEEZING,0,false,false,true,0
TSURE_POKE_RHYHORN,0,false,false,false,0
TSURE_POKE_RHYDON,0,false,false,false,0
TSURE_POKE_CHANSEY,0,false,false,false,0
TSURE_POKE_TANGELA,0,false,false,false,0
TSURE_POKE_KANGASKHAN,0,false,false,false,0
TSURE_POKE_HORSEA,0,false,false,true,0
TSURE_POKE_SEADRA,0,false,false,true,0
TSURE_POKE_GOLDEEN,0,false,false,true,0
TSURE_POKE_SEAKING,0,false,false,true,0
TSURE_POKE_STARYU,0,false,false,false,0
TSURE_POKE_STARMIE,0,false,false,false,0
TSURE_POKE_MR_MIME,0,false,false,false,0
TSURE_POKE_SCYTHER,0,false,false,false,0
TSURE_POKE_JYNX,0,false,false,false,0
TSURE_POKE_ELECTABUZZ,0,false,false,false,0
TSURE_POKE_MAGMAR,0,false,false,false,0
TSURE_POKE_PINSIR,0,false,false,false,0
TSURE_POKE_TAUROS,0,false,false,false,0
TSURE_POKE_MAGIKARP,0,false,false,false,0
TSURE_POKE_GYARADOS,0,false,false,true,0
TSURE_POKE_LAPRAS,0,false,false,true,0
TSURE_POKE_DITTO,0,false,false,false,0
TSURE_POKE_EEVEE,0,false,false,false,0
TSURE_POKE_VAPOREON,0,false,false,false,0
TSURE_POKE_JOLTEON,0,false,false,false,0
TSURE_POKE_FLAREON,0,false,false,false,0
TSURE_POKE_PORYGON,0,false,false,true,0
TSURE_POKE_OMANYTE,0,false,false,false,0
TSURE_POKE_OMASTAR,0,false,false,false,0
TSURE_POKE_KABUTO,0,false,false,true,0
TSURE_POKE_KABUTOPS,0,false,false,false,0
TSURE_POKE_AERODACTYL,0,false,true,true,0
TSURE_POKE_SNORLAX,0,false,false,false,0
TSURE_POKE_ARTICUNO,0,false,true,true,0
TSURE_POKE_ZAPDOS,0,false,true,true,0
TSURE_POKE_MOLTRES,0,false,true,true,0
TSURE_POKE_DRATINI,0,false,false,false,0
TSURE_POKE_DRAGONAIR,0,false,false,false,0
TSURE_POKE_DRAGONITE,0,false,true,true,0
TSURE_POKE_MEWTWO,0,false,false,false,0
TSURE_POKE_MEW,0,false,false,true,0
TSURE_POKE_CHIKORITA,0,false,false,false,0
TSURE_POKE_BAYLEEF,0,false,false,false,0
TSURE_POKE_MEGANIUM,0,false,false,false,0
TSURE_POKE_MEGANIUM_F,0,false,false,false,0
TSURE_POKE_CYNDAQUIL,0,false,false,false,0
TSURE_POKE_QUILAVA,0,false,false,false,0
TSURE_POKE_TYPHLOSION,0,false,false,false,0
TSURE_POKE_TOTODILE,0,false,false,false,0
TSURE_POKE_CROCONAW,0,false,false,false,0
TSURE_POKE_FERALIGATR,0,false,false,false,0
TSURE_POKE_SENTRET,0,false,false,false,0
TSURE_POKE_FURRET,0,false,false,false,0
TSURE_POKE_HOOTHOOT,0,false,false,false,0
TSURE_POKE_NOCTOWL,0,false,true,true,0
TSURE_POKE_LEDYBA,0,false,true,true,0
TSURE_POKE_LEDIAN,0,false,true,true,0
TSURE_POKE_SPINARAK,0,false,false,false,0
TSURE_POKE_ARIADOS,0,false,false,false,0
TSURE_POKE_CROBAT,0,false,true,true,0
TSURE_POKE_CHINCHOU,0,false,true,true,0
TSURE_POKE_LANTURN,0,false,false,true,0
TSURE_POKE_PICHU,0,false,false,false,0
TSURE_POKE_PICHU_SPIKY,0,false,false,false,0
TSURE_POKE_CLEFFA,0,false,false,false,0
TSURE_POKE_IGGLYBUFF,0,false,false,false,0
TSURE_POKE_TOGEPI,0,false,false,false,0
TSURE_POKE_TOGETIC,0,false,true,true,0
TSURE_POKE_NATU,0,false,false,false,0
TSURE_POKE_XATU,0,false,false,false,0
TSURE_POKE_MAREEP,0,false,false,false,0
TSURE_POKE_FLAAFFY,0,false,false,false,0
TSURE_POKE_AMPHAROS,0,false,false,false,0
TSURE_POKE_BELLOSSOM,0,false,false,false,0
TSURE_POKE_MARILL,0,false,false,false,0
TSURE_POKE_AZUMARILL,0,false,false,false,0
TSURE_POKE_SUDOWOODO,0,false,false,false,0
TSURE_POKE_POLITOED,0,false,false,false,0
TSURE_POKE_HOPPIP,0,false,true,true,0
TSURE_POKE_SKIPLOOM,0,false,true,true,0
TSURE_POKE_JUMPLUFF,0,false,true,true,0
TSURE_POKE_AIPOM,0,false,false,false,0
TSURE_POKE_SUNKERN,0,false,false,false,0
TSURE_POKE_SUNFLORA,0,false,false,false,0
TSURE_POKE_YANMA,0,false,true,true,0
TSURE_POKE_WOOPER,0,false,false,false,0
TSURE_POKE_QUAGSIRE,0,false,false,false,0
TSURE_POKE_ESPEON,0,false,false,false,0
TSURE_POKE_UMBREON,0,false,false,false,0
TSURE_POKE_MURKROW,0,false,false,false,0
TSURE_POKE_SLOWKING,0,false,false,false,0
TSURE_POKE_MISDREAVUS,0,false,true,true,0
TSURE_POKE_UNOWN_A,0,false,false,true,0
TSURE_POKE_UNOWN_B,0,false,false,true,0
TSURE_POKE_UNOWN_C,0,false,false,true,0
TSURE_POKE_UNOWN_D,0,false,false,true,0
TSURE_POKE_UNOWN_E,0,false,false,true,0
TSURE_POKE_UNOWN_F,0,false,false,true,0
TSURE_POKE_UNOWN_G,0,false,false,true,0
TSURE_POKE_UNOWN_H,0,false,false,true,0
TSURE_POKE_UNOWN_I,0,false,false,true,0
TSURE_POKE_UNOWN_J,0,false,false,true,0
TSURE_POKE_UNOWN_K,0,false,false,true,0
TSURE_POKE_UNOWN_L,0,false,false,true,0
TSURE_POKE_UNOWN_M,0,false,false,true,0
TSURE_POKE_UNOWN_N,0,false,false,true,0
TSURE_POKE_UNOWN_O,0,false,false,true,0
TSURE_POKE_UNOWN_P,0,false,false,true,0
TSURE_POKE_UNOWN_Q,0,false,false,true,0
TSURE_POKE_UNOWN_R,0,false,false,true,0
TSURE_POKE_UNOWN_S,0,false,false,true,0
TSURE_POKE_UNOWN_T,0,false,false,true,0
TSURE_POKE_UNOWN_U,0,false,false,true,0
TSURE_POKE_UNOWN_V,0,false,false,true,0
TSURE_POKE_UNOWN_W,0,false,false,true,0
TSURE_POKE_UNOWN_X,0,false,false,true,0
TSURE_POKE_UNOWN_Y,0,false,false,true,0
TSURE_POKE_UNOWN_Z,0,false,false,true,0
TSURE_POKE_UNOWN_QMARK,0,false,false,true,0
TSURE_POKE_UNOWN_EXCL,0,false,false,true,0
TSURE_POKE_WOBBUFFET,0,false,false,false,0
TSURE_POKE_WOBBUFFET_F,0,false,false,false,0
TSURE_POKE_GIRAFARIG,0,false,false,false,0
TSURE_POKE_PINECO,0,false,false,false,0
TSURE_POKE_FORRETRESS,0,false,false,false,0
TSURE_POKE_DUNSPARCE,0,false,false,false,0
TSURE_POKE_GLIGAR,0,false,false,true,0
TSURE_POKE_STEELIX,0,true,true,false,0
TSURE_POKE_STEELIX_F,0,true,true,false,0
TSURE_POKE_SNUBBULL,0,false,false,false,0
TSURE_POKE_GRANBULL,0,false,false,false,0
TSURE_POKE_QWILFISH,0,false,false,true,0
TSURE_POKE_SCIZOR,0,false,false,false,0
TSURE_POKE_SHUCKLE,0,false,false,false,0
TSURE_POKE_HERACROSS,0,false,false,false,0
TSURE_POKE_HERACROSS_F,0,false,false,false,0
TSURE_POKE_SNEASEL,0,false,false,false,0
TSURE_POKE_TEDDIURSA,0,false,false,false,0
TSURE_POKE_URSARING,0,false,false,false,0
TSURE_POKE_SLUGMA,0,false,false,false,0
TSURE_POKE_MAGCARGO,0,false,false,false,0
TSURE_POKE_SWINUB,0,false,false,false,0
TSURE_POKE_PILOSWINE,0,false,false,false,0
TSURE_POKE_CORSOLA,0,false,false,false,0
TSURE_POKE_REMORAID,0,false,false,true,0
TSURE_POKE_OCTILLERY,0,false,false,false,0
TSURE_POKE_DELIBIRD,0,false,false,false,0
TSURE_POKE_MANTINE,0,false,true,true,0
TSURE_POKE_SKARMORY,0,false,true,true,0
TSURE_POKE_HOUNDOUR,0,false,false,false,0
TSURE_POKE_HOUNDOOM,0,false,false,false,0
TSURE_POKE_KINGDRA,0,false,false,true,0
TSURE_POKE_PHANPY,0,false,false,false,0
TSURE_POKE_DONPHAN,0,false,false,false,0
TSURE_POKE_PORYGON2,0,false,false,true,0
TSURE_POKE_STANTLER,0,false,false,false,0
TSURE_POKE_SMEARGLE,0,false,false,false,0
TSURE_POKE_TYROGUE,0,false,false,false,0
TSURE_POKE_HITMONTOP,0,false,false,false,0
TSURE_POKE_SMOOCHUM,0,false,false,false,0
TSURE_POKE_ELEKID,0,false,false,false,0
TSURE_POKE_MAGBY,0,false,false,false,0
TSURE_POKE_MILTANK,0,false,false,false,0
TSURE_POKE_BLISSEY,0,false,false,false,0
TSURE_POKE_RAIKOU,0,false,false,false,0
TSURE_POKE_ENTEI,0,false,false,false,0
TSURE_POKE_SUICUNE,0,false,false,false,0
TSURE_POKE_LARVITAR,0,false,false,false,0
TSURE_POKE_PUPITAR,0,false,false,false,0
TSURE_POKE_TYRANITAR,0,false,false,false,0
TSURE_POKE_LUGIA,0,true,true,true,0
TSURE_POKE_HO_OH,0,true,true,true,0
TSURE_POKE_CELEBI,0,false,true,true,0
TSURE_POKE_TREECKO,0,false,false,false,0
TSURE_POKE_GROVYLE,0,false,false,false,0
TSURE_POKE_SCEPTILE,0,false,false,false,0
TSURE_POKE_TORCHIC,0,false,false,false,0
TSURE_POKE_COMBUSKEN,0,false,false,false,0
TSURE_POKE_BLAZIKEN,0,false,false,false,0
TSURE_POKE_MUDKIP,0,false,false,false,0
TSURE_POKE_MARSHTOMP,0,false,false,false,0
TSURE_POKE_SWAMPERT,0,false,false,false,0
TSURE_POKE_POOCHYENA,0,false,false,false,0
TSURE_POKE_MIGHTYENA,0,false,false,false,0
TSURE_POKE_ZIGZAGOON,0,false,false,false,0
TSURE_POKE_LINOONE,0,false,false,false,0
TSURE_POKE_WURMPLE,0,false,false,false,0
TSURE_POKE_SILCOON,0,false,false,false,0
TSURE_POKE_BEAUTIFLY,0,false,true,true,0
TSURE_POKE_CASCOON,0,false,false,false,0
TSURE_POKE_DUSTOX,0,false,true,true,0
TSURE_POKE_LOTAD,0,false,false,false,0
TSURE_POKE_LOMBRE,0,false,false,false,0
TSURE_POKE_LUDICOLO,0,false,false,false,0
TSURE_POKE_SEEDOT,0,false,false,false,0
TSURE_POKE_NUZLEAF,0,false,false,false,0
TSURE_POKE_SHIFTRY,0,false,false,false,0
TSURE_POKE_TAILLOW,0,false,false,false,0
TSURE_POKE_SWELLOW,0,false,true,true,0
TSURE_POKE_WINGULL,0,false,true,true,0
TSURE_POKE_PELIPPER,0,false,true,true,0
TSURE_POKE_RALTS,0,false,false,false,0
TSURE_POKE_KIRLIA,0,false,false,false,0
TSURE_POKE_GARDEVOIR,0,false,false,false,0
TSURE_POKE_SURSKIT,0,false,false,true,0
TSURE_POKE_MASQUERAIN,0,false,true,true,0
TSURE_POKE_SHROOMISH,0,false,false,false,0
TSURE_POKE_BRELOOM,0,false,false,false,0
TSURE_POKE_SLAKOTH,0,false,false,false,0
TSURE_POKE_VIGOROTH,0,false,false,false,0
TSURE_POKE_SLAKING,0,false,false,false,0
TSURE_POKE_NINCADA,0,false,false,false,0
TSURE_POKE_NINJASK,0,false,false,true,0
TSURE_POKE_SHEDINJA,0,false,false,true,0
TSURE_POKE_WHISMUR,0,false,false,false,0
TSURE_POKE_LOUDRED,0,false,false,false,0
TSURE_POKE_EXPLOUD,0,false,false,false,0
TSURE_POKE_MAKUHITA,0,false,false,false,0
TSURE_POKE_HARIYAMA,0,false,false,false,0
TSURE_POKE_AZURILL,0,false,false,false,0
TSURE_POKE_NOSEPASS,0,false,false,false,0
TSURE_POKE_SKITTY,0,false,false,false,0
TSURE_POKE_DELCATTY,0,false,false,false,0
TSURE_POKE_SABLEYE,0,false,false,false,0
TSURE_POKE_MAWILE,0,false,false,false,0
TSURE_POKE_ARON,0,false,false,false,0
TSURE_POKE_LAIRON,0,false,false,false,0
TSURE_POKE_AGGRON,0,false,false,false,0
TSURE_POKE_MEDITITE,0,false,false,true,0
TSURE_POKE_MEDICHAM,0,false,false,false,0
TSURE_POKE_ELECTRIKE,0,false,false,false,0
TSURE_POKE_MANECTRIC,0,false,false,false,0
TSURE_POKE_PLUSLE,0,false,false,false,0
TSURE_POKE_MINUN,0,false,false,false,0
TSURE_POKE_VOLBEAT,0,false,true,true,0
TSURE_POKE_ILLUMISE,0,false,true,true,0
TSURE_POKE_ROSELIA,0,false,false,false,0
TSURE_POKE_GULPIN,0,false,false,false,0
TSURE_POKE_SWALOT,0,false,false,false,0
TSURE_POKE_CARVANHA,0,false,false,true,0
TSURE_POKE_SHARPEDO,0,false,false,true,0
TSURE_POKE_WAILMER,0,false,false,true,0
TSURE_POKE_WAILORD,0,true,false,true,0
TSURE_POKE_NUMEL,0,false,false,false,0
TSURE_POKE_CAMERUPT,0,false,false,false,0
TSURE_POKE_TORKOAL,0,false,false,false,0
TSURE_POKE_SPOINK,0,false,false,false,0
TSURE_POKE_GRUMPIG,0,false,false,false,0
TSURE_POKE_SPINDA,0,false,false,false,0
TSURE_POKE_TRAPINCH,0,false,false,false,0
TSURE_POKE_VIBRAVA,0,false,false,true,0
TSURE_POKE_FLYGON,0,false,true,true,0
TSURE_POKE_CACNEA,0,false,false,false,0
TSURE_POKE_CACTURNE,0,false,false,false,0
TSURE_POKE_SWABLU,0,false,true,true,0
TSURE_POKE_ALTARIA,0,false,true,true,0
TSURE_POKE_ZANGOOSE,0,false,false,false,0
TSURE_POKE_SEVIPER,0,false,false,false,0
TSURE_POKE_LUNATONE,0,false,true,true,0
TSURE_POKE_SOLROCK,0,false,true,true,0
TSURE_POKE_BARBOACH,0,false,false,false,0
TSURE_POKE_WHISCASH,0,false,false,true,0
TSURE_POKE_CORPHISH,0,false,false,false,0
TSURE_POKE_CRAWDAUNT,0,false,false,false,0
TSURE_POKE_BALTOY,0,false,false,true,0
TSURE_POKE_CLAYDOL,0,false,false,true,0
TSURE_POKE_LILEEP,0,false,false,false,0
TSURE_POKE_CRADILY,0,false,false,false,0
TSURE_POKE_ANORITH,0,false,false,true,0
TSURE_POKE_ARMALDO,0,false,false,false,0
TSURE_POKE_FEEBAS,0,false,false,true,0
TSURE_POKE_MILOTIC,0,false,false,true,0
TSURE_POKE_CASTFORM,0,false,false,true,0
TSURE_POKE_KECLEON,0,false,false,false,0
TSURE_POKE_SHUPPET,0,false,false,true,0
TSURE_POKE_BANETTE,0,false,false,false,0
TSURE_POKE_DUSKULL,0,false,false,true,0
TSURE_POKE_DUSCLOPS,0,false,false,false,0
TSURE_POKE_TROPIUS,0,false,true,false,0
TSURE_POKE_CHIMECHO,0,false,false,true,0
TSURE_POKE_ABSOL,0,false,false,false,0
TSURE_POKE_WYNAUT,0,false,false,false,0
TSURE_POKE_SNORUNT,0,false,false,false,0
TSURE_POKE_GLALIE,0,false,false,false,0
TSURE_POKE_SPHEAL,0,false,false,false,0
TSURE_POKE_SEALEO,0,false,false,false,0
TSURE_POKE_WALREIN,0,false,false,false,0
TSURE_POKE_CLAMPERL,0,false,false,true,0
TSURE_POKE_HUNTAIL,0,false,false,true,0
TSURE_POKE_GOREBYSS,0,false,false,true,0
TSURE_POKE_RELICANTH,0,false,false,true,0
TSURE_POKE_LUVDISC,0,false,false,true,0
TSURE_POKE_BAGON,0,false,false,false,0
TSURE_POKE_SHELGON,0,false,false,false,0
TSURE_POKE_SALAMENCE,0,false,false,false,0
TSURE_POKE_BELDUM,0,false,false,true,0
TSURE_POKE_METANG,0,false,false,true,0
TSURE_POKE_METAGROSS,0,false,false,false,0
TSURE_POKE_REGIROCK,0,false,false,false,0
TSURE_POKE_REGICE,0,false,false,false,0
TSURE_POKE_REGISTEEL,0,false,false,false,0
TSURE_POKE_LATIAS,0,false,true,true,0
TSURE_POKE_LATIOS,0,false,true,true,0
TSURE_POKE_KYOGRE,0,true,true,true,0
TSURE_POKE_GROUDON,0,true,false,false,0
TSURE_POKE_RAYQUAZA,0,true,true,true,0
TSURE_POKE_JIRACHI,0,false,false,true,0
TSURE_POKE_DEOXYS,0,false,true,true,0
TSURE_POKE_DEOXYS_ATK,0,false,true,true,0
TSURE_POKE_DEOXYS_DEF,0,false,true,true,0
TSURE_POKE_DEOXYS_SPD,0,false,true,true,0
TSURE_POKE_TURTWIG,0,false,false,false,0
TSURE_POKE_GROTLE,0,false,false,false,0
TSURE_POKE_TORTERRA,0,false,false,false,0
TSURE_POKE_CHIMCHAR,0,false,false,false,0
TSURE_POKE_MONFERNO,0,false,false,false,0
TSURE_POKE_INFERNAPE,0,false,false,false,0
TSURE_POKE_PIPLUP,0,false,false,false,0
TSURE_POKE_PRINPLUP,0,false,false,false,0
TSURE_POKE_EMPOLEON,0,false,false,false,0
TSURE_POKE_STARLY,0,false,false,false,0
TSURE_POKE_STARAVIA,0,false,true,true,0
TSURE_POKE_STARAPTOR,0,false,true,true,0
TSURE_POKE_BIDOOF,0,false,false,false,0
TSURE_POKE_BIBAREL,0,false,false,false,0
TSURE_POKE_KRICKETOT,0,false,false,false,0
TSURE_POKE_KRICKETUNE,0,false,false,false,0
TSURE_POKE_SHINX,0,false,false,false,0
TSURE_POKE_LUXIO,0,false,false,false,0
TSURE_POKE_LUXRAY,0,false,false,false,0
TSURE_POKE_BUDEW,0,false,false,false,0
TSURE_POKE_ROSERADE,0,false,false,false,0
TSURE_POKE_CRANIDOS,0,false,false,false,0
TSURE_POKE_RAMPARDOS,0,false,false,false,0
TSURE_POKE_SHIELDON,0,false,false,false,0
TSURE_POKE_BASTIODON,0,false,false,false,0
TSURE_POKE_BURMY,0,false,false,false,0
TSURE_POKE_BURMY_SANDY,0,false,false,false,0
TSURE_POKE_BURMY_TRASH,0,false,false,false,0
TSURE_POKE_WORMADAM,0,false,false,false,0
TSURE_POKE_WORMADAM_SANDY,0,false,false,false,0
TSURE_POKE_WORMADAM_TRASH,0,false,false,false,0
TSURE_POKE_MOTHIM,0,false,true,true,0
TSURE_POKE_COMBEE,0,false,false,true,0
TSURE_POKE_COMBEE_F,0,false,false,true,0
TSURE_POKE_VESPIQUEN,0,false,false,true,0
TSURE_POKE_PACHIRISU,0,false,false,false,0
TSURE_POKE_BUIZEL,0,false,false,false,0
TSURE_POKE_FLOATZEL,0,false,false,false,0
TSURE_POKE_CHERUBI,0,false,false,false,0
TSURE_POKE_CHERRIM,0,false,false,false,0
TSURE_POKE_SHELLOS_WEST,0,false,false,false,0
TSURE_POKE_SHELLOS_EAST,0,false,false,false,0
TSURE_POKE_GASTRODON_WEST,0,false,false,false,0
TSURE_POKE_GASTRODON_EAST,0,false,false,false,0
TSURE_POKE_AMBIPOM,0,false,false,false,0
TSURE_POKE_DRIFLOON,0,false,false,true,0
TSURE_POKE_DRIFBLIM,0,false,false,true,0
TSURE_POKE_BUNEARY,0,false,false,false,0
TSURE_POKE_LOPUNNY,0,false,false,false,0
TSURE_POKE_MISMAGIUS,0,false,false,true,0
TSURE_POKE_HONCHKROW,0,false,false,false,0
TSURE_POKE_GLAMEOW,0,false,false,false,0
TSURE_POKE_PURUGLY,0,false,false,false,0
TSURE_POKE_CHINGLING,0,false,false,false,0
TSURE_POKE_STUNKY,0,false,false,false,0
TSURE_POKE_SKUNTANK,0,false,false,false,0
TSURE_POKE_BRONZOR,0,false,false,true,0
TSURE_POKE_BRONZONG,0,false,false,true,0
TSURE_POKE_BONSLY,0,false,false,false,0
TSURE_POKE_MIME_JR,0,false,false,false,0
TSURE_POKE_HAPPINY,0,false,false,false,0
TSURE_POKE_CHATOT,0,false,false,false,0
TSURE_POKE_SPIRITOMB,0,false,false,true,0
TSURE_POKE_GIBLE,0,false,false,false,0
TSURE_POKE_GIBLE_F,0,false,false,false,0
TSURE_POKE_GABITE,0,false,false,false,0
TSURE_POKE_GABITE_F,0,false,false,false,0
TSURE_POKE_GARCHOMP,0,false,false,false,0
TSURE_POKE_GARCHOMP_F,0,false,false,false,0
TSURE_POKE_MUNCHLAX,0,false,false,false,0
TSURE_POKE_RIOLU,0,false,false,false,0
TSURE_POKE_LUCARIO,0,false,false,false,0
TSURE_POKE_HIPPOPOTAS,0,false,false,false,0
TSURE_POKE_HIPPOPOTAS_F,0,false,false,false,0
TSURE_POKE_HIPPOWDON,0,false,false,false,0
TSURE_POKE_HIPPOWDON_F,0,false,false,false,0
TSURE_POKE_SKORUPI,0,false,false,false,0
TSURE_POKE_DRAPION,0,false,false,false,0
TSURE_POKE_CROAGUNK,0,false,false,false,0
TSURE_POKE_TOXICROAK,0,false,false,false,0
TSURE_POKE_CARNIVINE,0,false,false,true,0
TSURE_POKE_FINNEON,0,false,false,true,0
TSURE_POKE_LUMINEON,0,false,false,true,0
TSURE_POKE_MANTYKE,0,false,false,true,0
TSURE_POKE_SNOVER,0,false,false,false,0
TSURE_POKE_ABOMASNOW,0,false,false,false,0
TSURE_POKE_WEAVILE,0,false,false,false,0
TSURE_POKE_MAGNEZONE,0,false,false,true,0
TSURE_POKE_LICKILICKY,0,false,false,false,0
TSURE_POKE_RHYPERIOR,0,false,false,false,0
TSURE_POKE_TANGROWTH,0,false,false,false,0
TSURE_POKE_ELECTIVIRE,0,false,false,false,0
TSURE_POKE_MAGMORTAR,0,false,false,false,0
TSURE_POKE_TOGEKISS,0,false,true,true,0
TSURE_POKE_YANMEGA,0,false,false,true,0
TSURE_POKE_LEAFEON,0,false,false,false,0
TSURE_POKE_GLACEON,0,false,false,false,0
TSURE_POKE_GLISCOR,0,false,false,true,0
TSURE_POKE_MAMOSWINE,0,false,false,false,0
TSURE_POKE_PORYGON_Z,0,false,false,true,0
TSURE_POKE_GALLADE,0,false,false,false,0
TSURE_POKE_PROBOPASS,0,false,false,false,0
TSURE_POKE_DUSKNOIR,0,false,false,false,0
TSURE_POKE_FROSLASS,0,false,false,true,0
TSURE_POKE_ROTOM,0,false,false,true,0
TSURE_POKE_ROTOM_HEAT,0,false,false,false,0
TSURE_POKE_ROTOM_WASH,0,false,false,false,0
TSURE_POKE_ROTOM_FROST,0,false,false,false,0
TSURE_POKE_ROTOM_FAN,0,false,false,false,0
TSURE_POKE_ROTOM_MOW,0,false,false,false,0
TSURE_POKE_UXIE,0,false,false,true,0
TSURE_POKE_MESPRIT,0,false,false,true,0
TSURE_POKE_AZELF,0,false,false,true,0
TSURE_POKE_DIALGA,0,true,false,false,0
TSURE_POKE_PALKIA,0,true,false,false,0
TSURE_POKE_HEATRAN,0,false,false,false,0
TSURE_POKE_REGIGIGAS,0,true,false,false,0
TSURE_POKE_GIRATINA,0,true,false,false,0
TSURE_POKE_GIRATINA_ORIGIN,0,true,true,true,0
TSURE_POKE_CRESSELIA,0,false,false,true,0
TSURE_POKE_PHIONE,0,false,false,false,0
TSURE_POKE_MANAPHY,0,false,false,false,0
TSURE_POKE_DARKRAI,0,false,false,true,0
TSURE_POKE_SHAYMIN,0,false,false,false,0
TSURE_POKE_SHAYMIN_SKY,0,false,true,true,0
TSURE_POKE_ARCEUS_NORMAL,0,true,true,true,0
TSURE_POKE_ARCEUS_FIGHTING,0,true,true,true,0
TSURE_POKE_ARCEUS_FLYING,0,true,true,true,0
TSURE_POKE_ARCEUS_POISON,0,true,true,true,0
TSURE_POKE_ARCEUS_GROUND,0,true,true,true,0
TSURE_POKE_ARCEUS_ROCK,0,true,true,true,0
TSURE_POKE_ARCEUS_BUG,0,true,true,true,0
TSURE_POKE_ARCEUS_GHOST,0,true,true,true,0
TSURE_POKE_ARCEUS_STEEL,0,true,true,true,0
TSURE_POKE_ARCEUS_MYSTERY,0,true,true,true,0
TSURE_POKE_ARCEUS_FIRE,0,true,true,true,0
TSURE_POKE_ARCEUS_WATER,0,true,true,true,0
TSURE_POKE_ARCEUS_GRASS,0,true,true,true,0
TSURE_POKE_ARCEUS_ELECTRIC,0,true,true,true,0
TSURE_POKE_ARCEUS_PSYCHIC,0,true,true,true,0
TSURE_POKE_ARCEUS_ICE,0,true,true,true,0
TSURE_POKE_ARCEUS_DRAGON,0,true,true,true,0
TSURE_POKE_ARCEUS_DARK,0,true,true,true,0
FOLLOWER_MON_LILLIPUP,0,false,false,false,0
FOLLOWER_MON_HERDIER,0,false,false,false,0
FOLLOWER_MON_STOUTLAND,0,false,false,true,0
FOLLOWER_MON_PURRLOIN,0,false,false,false,0
FOLLOWER_MON_LIEPARD,0,false,false,false,0
FOLLOWER_MON_TYMPOLE,0,false,false,false,0
FOLLOWER_MON_PALPITOAD,0,false,false,false,0
FOLLOWER_MON_SEISMITOAD,0,false,false,false,0
FOLLOWER_MON_SEWADDLE,0,false,false,false,0
FOLLOWER_MON_SWADLOON,0,false,false,false,0
FOLLOWER_MON_LEAVANNY,0,false,false,false,0
FOLLOWER_MON_YAMASK,0,false,false,false,0
FOLLOWER_MON_COFAGRIGUS,0,false,false,true,0
FOLLOWER_MON_TRUBBISH,0,false,false,false,0
FOLLOWER_MON_GARBODOR,0,false,false,true,0
FOLLOWER_MON_EMOLGA,0,false,false,false,0
FOLLOWER_MON_KARRABLAST,0,false,false,false,0
FOLLOWER_MON_ESCAVALIER,0,false,true,true,0
FOLLOWER_MON_FOONGUS,0,false,false,false,0
FOLLOWER_MON_AMOONGUSS,0,false,false,true,0
FOLLOWER_MON_JOLTIK,0,false,false,false,0
FOLLOWER_MON_GALVANTULA,0,false,false,false,0
FOLLOWER_MON_FERROSEED,0,false,false,false,0
FOLLOWER_MON_FERROTHORN,0,false,true,true,0
FOLLOWER_MON_KLINK,0,false,false,false,0
FOLLOWER_MON_KLANG,0,false,false,false,0
FOLLOWER_MON_KLINKLANG,0,false,true,true,0
FOLLOWER_MON_ELGYEM,0,false,false,false,0
FOLLOWER_MON_BEHEEYEM,0,false,false,true,0
FOLLOWER_MON_LITWICK,0,false,false,false,0
FOLLOWER_MON_LAMPENT,0,false,false,false,0
FOLLOWER_MON_CHANDELURE,0,false,true,true,0
FOLLOWER_MON_SHELMET,0,false,false,false,0
FOLLOWER_MON_ACCELGOR,0,false,false,false,0
FOLLOWER_MON_BOUFFALANT,0,false,false,true,0
FOLLOWER_MON_BUNNELBY,0,false,false,false,0
FOLLOWER_MON_DIGGERSBY,0,false,false,false,0
FOLLOWER_MON_FLETCHLING,0,false,false,false,0
FOLLOWER_MON_FLETCHINDER,0,false,false,false,0
FOLLOWER_MON_TALONFLAME,0,false,false,false,0
FOLLOWER_MON_LITLEO,0,false,false,false,0
FOLLOWER_MON_PYROAR,0,false,false,false,0
FOLLOWER_MON_ESPURR,0,false,false,false,0
FOLLOWER_MON_MEOWSTIC,0,false,false,false,0
FOLLOWER_MON_SYLVEON,0,false,false,false,0
FOLLOWER_MON_DEDENNE,0,false,false,false,0
FOLLOWER_MON_PHANTUMP,0,false,false,false,0
FOLLOWER_MON_TREVENANT,0,false,false,false,0
FOLLOWER_MON_PUMPKABOO,0,false,false,false,0
FOLLOWER_MON_GOURGEIST,0,false,false,false,0
FOLLOWER_MON_NOIBAT,0,false,false,false,0
FOLLOWER_MON_NOIVERN,0,false,false,false,0
FOLLOWER_MON_APPLIN,0,false,false,false,0
FOLLOWER_MON_FLAPPLE,0,false,false,false,0
FOLLOWER_MON_APPLETUN,0,false,false,false,0
FOLLOWER_MON_SIZZLIPEDE,0,false,false,false,0
FOLLOWER_MON_CENTISKORCH,0,false,false,false,0
FOLLOWER_MON_WYRDEER,0,false,false,false,0
FOLLOWER_MON_KLEAVOR,0,true,true,true,0
FOLLOWER_MON_URSALUNA,0,true,true,true,0
FOLLOWER_MON_ANNIHILAPE,0,false,false,false,0
FOLLOWER_MON_FARIGIRAF,0,false,false,false,0
FOLLOWER_MON_DUDUNSPARCE,0,false,false,false,0
FOLLOWER_MON_DIPPLIN,0,false,false,false,0
FOLLOWER_MON_HYDRAPPLE,0,false,false,false,0
FOLLOWER_MON_SLOWPOKE_GALARIAN,0,false,false,false,0
FOLLOWER_MON_SLOWBRO_GALARIAN,0,false,false,false,0
FOLLOWER_MON_VICTINI,0,false,false,false,0
FOLLOWER_MON_SNIVY,0,false,false,false,0
FOLLOWER_MON_SERVINE,0,false,false,false,0
FOLLOWER_MON_SERPERIOR,0,false,false,true,0
FOLLOWER_MON_TEPIG,0,false,false,false,0
FOLLOWER_MON_PIGNITE,0,false,false,false,0
FOLLOWER_MON_EMBOAR,0,false,false,true,0
FOLLOWER_MON_OSHAWOTT,0,false,false,false,0
FOLLOWER_MON_DEWOTT,0,false,false,false,0
FOLLOWER_MON_SAMUROTT,0,false,false,true,0
FOLLOWER_MON_PATRAT,0,false,false,false,0
FOLLOWER_MON_WATCHOG,0,false,false,false,0
FOLLOWER_MON_PANSAGE,0,false,false,false,0
FOLLOWER_MON_SIMISAGE,0,false,false,false,0
FOLLOWER_MON_PANSEAR,0,false,false,false,0
FOLLOWER_MON_SIMISEAR,0,false,false,false,0
FOLLOWER_MON_PANPOUR,0,false,false,false,0
FOLLOWER_MON_SIMIPOUR,0,false,false,false,0
FOLLOWER_MON_MUNNA,0,false,false,false,0
FOLLOWER_MON_MUSHARNA,0,false,false,true,0
FOLLOWER_MON_PIDOVE,0,false,false,false,0
FOLLOWER_MON_TRANQUILL,0,false,false,false,0
FOLLOWER_MON_UNFEZANT,0,false,false,true,0
FOLLOWER_MON_BLITZLE,0,false,false,false,0
FOLLOWER_MON_ZEBSTRIKA,0,false,false,false,0
FOLLOWER_MON_ROGGENROLA,0,false,false,false,0
FOLLOWER_MON_BOLDORE,0,false,false,false,0
FOLLOWER_MON_GIGALITH,0,false,true,true,0
FOLLOWER_MON_WOOBAT,0,false,false,false,0
FOLLOWER_MON_SWOOBAT,0,false,false,true,0
FOLLOWER_MON_DRILBUR,0,false,false,false,0
FOLLOWER_MON_EXCADRILL,0,false,false,false,0
FOLLOWER_MON_AUDINO,0,false,false,false,0
FOLLOWER_MON_TIMBURR,0,false,false,false,0
FOLLOWER_MON_GURDURR,0,false,false,false,0
FOLLOWER_MON_CONKELDURR,0,false,false,true,0
FOLLOWER_MON_THROH,0,false,false,false,0
FOLLOWER_MON_SAWK,0,false,false,false,0
FOLLOWER_MON_VENIPEDE,0,false,false,false,0
FOLLOWER_MON_WHIRLIPEDE,0,false,false,false,0
FOLLOWER_MON_SCOLIPEDE,0,false,false,true,0
FOLLOWER_MON_COTTONEE,0,false,false,false,0
FOLLOWER_MON_WHIMSICOTT,0,false,false,false,0
FOLLOWER_MON_PETILIL,0,false,false,false,0
FOLLOWER_MON_LILLIGANT,0,false,false,false,0
FOLLOWER_MON_BASCULIN,0,false,false,false,0
FOLLOWER_MON_SANDILE,0,false,false,false,0
FOLLOWER_MON_KROKOROK,0,false,false,false,0
FOLLOWER_MON_KROOKODILE,0,false,false,true,0
FOLLOWER_MON_DARUMAKA,0,false,false,false,0
FOLLOWER_MON_DARMANITAN,0,false,false,false,0
FOLLOWER_MON_MARACTUS,0,false,false,false,0
FOLLOWER_MON_DWEBBLE,0,false,false,false,0
FOLLOWER_MON_CRUSTLE,0,false,false,true,0
FOLLOWER_MON_SCRAGGY,0,false,false,false,0
FOLLOWER_MON_SCRAFTY,0,false,false,false,0
FOLLOWER_MON_SIGILYPH,0,false,false,false,0
FOLLOWER_MON_TIRTOUGA,0,false,false,false,0
FOLLOWER_MON_CARRACOSTA,0,false,false,true,0
FOLLOWER_MON_ARCHEN,0,false,false,false,0
FOLLOWER_MON_ARCHEOPS,0,false,false,false,0
FOLLOWER_MON_ZORUA,0,false,false,false,0
FOLLOWER_MON_ZOROARK,0,false,false,false,0
FOLLOWER_MON_MINCCINO,0,false,false,false,0
FOLLOWER_MON_CINCCINO,0,false,false,false,0
FOLLOWER_MON_GOTHITA,0,false,false,false,0
FOLLOWER_MON_GOTHORITA,0,false,false,false,0
FOLLOWER_MON_GOTHITELLE,0,false,false,true,0
FOLLOWER_MON_SOLOSIS,0,false,false,false,0
FOLLOWER_MON_DUOSION,0,false,false,true,0
FOLLOWER_MON_REUNICLUS,0,false,false,false,0
FOLLOWER_MON_DUCKLETT,0,false,false,false,0
FOLLOWER_MON_SWANNA,0,false,false,true,0
FOLLOWER_MON_VANILLITE,0,false,false,false,0
FOLLOWER_MON_VANILLISH,0,false,false,false,0
FOLLOWER_MON_VANILLUXE,0,false,false,true,0
FOLLOWER_MON_DEERLING,0,false,false,false,0
FOLLOWER_MON_SAWSBUCK,0,false,false,true,0
FOLLOWER_MON_FRILLISH,0,false,false,false,0
FOLLOWER_MON_JELLICENT,0,false,false,true,0
FOLLOWER_MON_ALOMOMOLA,0,false,false,false,0
FOLLOWER_MON_TYNAMO,0,false,false,false,0
FOLLOWER_MON_EELEKTRIK,0,false,false,false,0
FOLLOWER_MON_EELEKTROSS,0,false,false,true,0
FOLLOWER_MON_AXEW,0,false,false,false,0
FOLLOWER_MON_FRAXURE,0,false,false,true,0
FOLLOWER_MON_HAXORUS,0,false,true,true,0
FOLLOWER_MON_CUBCHOO,0,false,false,false,0
FOLLOWER_MON_BEARTIC,0,false,true,true,0
FOLLOWER_MON_CRYOGONAL,0,false,false,true,0
FOLLOWER_MON_STUNFISK,0,false,false,true,0
FOLLOWER_MON_MIENFOO,0,false,false,false,0
FOLLOWER_MON_MIENSHAO,0,false,false,false,0
FOLLOWER_MON_DRUDDIGON,0,false,true,true,0
FOLLOWER_MON_GOLETT,0,false,false,false,0
FOLLOWER_MON_GOLURK,0,false,true,true,0
FOLLOWER_MON_PAWNIARD,0,false,false,false,0
FOLLOWER_MON_BISHARP,0,false,false,true,0
FOLLOWER_MON_RUFFLET,0,false,false,false,0
FOLLOWER_MON_BRAVIARY,0,false,false,true,0
FOLLOWER_MON_VULLABY,0,false,false,false,0
FOLLOWER_MON_MANDIBUZZ,0,false,false,true,0
FOLLOWER_MON_HEATMOR,0,false,false,true,0
FOLLOWER_MON_DURANT,0,false,false,true,0
FOLLOWER_MON_DEINO,0,false,false,false,0
FOLLOWER_MON_ZWEILOUS,0,false,false,true,0
FOLLOWER_MON_HYDREIGON,0,false,true,true,0
FOLLOWER_MON_LARVESTA,0,false,false,false,0
FOLLOWER_MON_VOLCARONA,0,false,false,true,0
FOLLOWER_MON_COBALION,0,false,false,true,0
FOLLOWER_MON_TERRAKION,0,false,false,true,0
FOLLOWER_MON_VIRIZION,0,false,false,true,0
FOLLOWER_MON_TORNADUS,0,true,true,true,0
FOLLOWER_MON_THUNDURUS,0,true,true,true,0
FOLLOWER_MON_RESHIRAM,0,true,true,true,0
FOLLOWER_MON_ZEKROM,0,true,true,true,0
FOLLOWER_MON_LANDORUS,0,true,true,true,0
FOLLOWER_MON_KYUREM,0,true,true,true,0
FOLLOWER_MON_KELDEO,0,false,false,true,0
FOLLOWER_MON_MELOETTA,0,false,false,false,0
FOLLOWER_MON_GENESECT,0,false,false,false,0
FOLLOWER_MON_CHESPIN,0,false,false,false,0
FOLLOWER_MON_QUILLADIN,0,false,false,false,0
FOLLOWER_MON_CHESNAUGHT,0,false,false,false,0
FOLLOWER_MON_FENNEKIN,0,false,false,false,0
FOLLOWER_MON_BRAIXEN,0,false,false,false,0
FOLLOWER_MON_DELPHOX,0,false,false,false,0
FOLLOWER_MON_FROAKIE,0,false,false,false,0
FOLLOWER_MON_FROGADIER,0,false,false,false,0
FOLLOWER_MON_GRENINJA,0,false,false,false,0
FOLLOWER_MON_SCATTERBUG,0,false,false,false,0
FOLLOWER_MON_SPEWPA,0,false,false,false,0
FOLLOWER_MON_VIVILLON,0,false,false,false,0
FOLLOWER_MON_FLABEBE,0,false,false,false,0
FOLLOWER_MON_FLOETTE,0,false,false,false,0
FOLLOWER_MON_FLORGES,0,false,false,false,0
FOLLOWER_MON_SKIDDO,0,false,false,false,0
FOLLOWER_MON_GOGOAT,0,false,false,false,0
FOLLOWER_MON_PANCHAM,0,false,false,false,0
FOLLOWER_MON_PANGORO,0,false,false,false,0
FOLLOWER_MON_FURFROU,0,false,false,false,0
FOLLOWER_MON_HONEDGE,0,false,false,false,0
FOLLOWER_MON_DOUBLADE,0,false,false,false,0
FOLLOWER_MON_AEGISLASH,0,false,false,false,0
FOLLOWER_MON_SPRITZEE,0,false,false,false,0
FOLLOWER_MON_AROMATISSE,0,false,false,false,0
FOLLOWER_MON_SWIRLIX,0,false,false,false,0
FOLLOWER_MON_SLURPUFF,0,false,false,false,0
FOLLOWER_MON_INKAY,0,false,false,false,0
FOLLOWER_MON_MALAMAR,0,false,false,false,0
FOLLOWER_MON_BINACLE,0,false,false,false,0
FOLLOWER_MON_BARBARACLE,0,false,false,false,0
FOLLOWER_MON_SKRELP,0,false,false,false,0
FOLLOWER_MON_DRAGALGE,0,false,false,false,0
FOLLOWER_MON_CLAUNCHER,0,false,false,false,0
FOLLOWER_MON_CLAWITZER,0,false,false,false,0
FOLLOWER_MON_HELIOPTILE,0,false,false,false,0
FOLLOWER_MON_HELIOLISK,0,false,false,false,0
FOLLOWER_MON_TYRUNT,0,false,false,false,0
FOLLOWER_MON_TYRANTRUM,0,false,false,false,0
FOLLOWER_MON_AMAURA,0,false,false,false,0
FOLLOWER_MON_AURORUS,0,false,false,false,0
FOLLOWER_MON_HAWLUCHA,0,false,false,false,0
FOLLOWER_MON_CARBINK,0,false,false,false,0
FOLLOWER_MON_GOOMY,0,false,false,false,0
FOLLOWER_MON_SLIGGOO,0,false,false,false,0
FOLLOWER_MON_GOODRA,0,false,false,false,0
FOLLOWER_MON_KLEFKI,0,false,false,false,0
FOLLOWER_MON_BERGMITE,0,false,false,false,0
FOLLOWER_MON_AVALUGG,0,false,false,false,0
FOLLOWER_MON_XERNEAS,0,false,false,false,0
FOLLOWER_MON_YVELTAL,0,false,false,false,0
FOLLOWER_MON_ZYGARDE,0,false,false,false,0
FOLLOWER_MON_DIANCIE,0,false,false,false,0
FOLLOWER_MON_HOOPA,0,false,false,false,0
FOLLOWER_MON_VOLCANION,0,false,false,false,0
FOLLOWER_MON_ROWLET,0,false,false,false,0
FOLLOWER_MON_DARTRIX,0,false,false,false,0
FOLLOWER_MON_DECIDUEYE,0,false,false,false,0
FOLLOWER_MON_LITTEN,0,false,false,false,0
FOLLOWER_MON_TORRACAT,0,false,false,false,0
FOLLOWER_MON_INCINEROAR,0,false,false,false,0
FOLLOWER_MON_POPPLIO,0,false,false,false,0
FOLLOWER_MON_BRIONNE,0,false,false,false,0
FOLLOWER_MON_PRIMARINA,0,false,false,false,0
FOLLOWER_MON_PIKIPEK,0,false,false,false,0
FOLLOWER_MON_TRUMBEAK,0,false,false,false,0
FOLLOWER_MON_TOUCANNON,0,false,false,false,0
FOLLOWER_MON_YUNGOOS,0,false,false,false,0
FOLLOWER_MON_GUMSHOOS,0,false,false,false,0
FOLLOWER_MON_GRUBBIN,0,false,false,false,0
FOLLOWER_MON_CHARJABUG,0,false,false,false,0
FOLLOWER_MON_VIKAVOLT,0,false,false,false,0
FOLLOWER_MON_CRABRAWLER,0,false,false,false,0
FOLLOWER_MON_CRABOMINABLE,0,false,false,false,0
FOLLOWER_MON_ORICORIO,0,false,false,false,0
FOLLOWER_MON_CUTIEFLY,0,false,false,false,0
FOLLOWER_MON_RIBOMBEE,0,false,false,false,0
FOLLOWER_MON_ROCKRUFF,0,false,false,false,0
FOLLOWER_MON_LYCANROC,0,false,false,false,0
FOLLOWER_MON_WISHIWASHI,0,false,false,false,0
FOLLOWER_MON_MAREANIE,0,false,false,false,0
FOLLOWER_MON_TOXAPEX,0,false,false,false,0
FOLLOWER_MON_MUDBRAY,0,false,false,false,0
FOLLOWER_MON_MUDSDALE,0,false,false,false,0
FOLLOWER_MON_DEWPIDER,0,false,false,false,0
FOLLOWER_MON_ARAQUANID,0,false,false,false,0
FOLLOWER_MON_FOMANTIS,0,false,false,false,0
FOLLOWER_MON_LURANTIS,0,false,false,false,0
FOLLOWER_MON_MORELULL,0,false,false,false,0
FOLLOWER_MON_SHIINOTIC,0,false,false,false,0
FOLLOWER_MON_SALANDIT,0,false,false,false,0
FOLLOWER_MON_SALAZZLE,0,false,false,false,0
FOLLOWER_MON_STUFFUL,0,false,false,false,0
FOLLOWER_MON_BEWEAR,0,false,false,false,0
FOLLOWER_MON_BOUNSWEET,0,false,false,false,0
FOLLOWER_MON_STEENEE,0,false,false,false,0
FOLLOWER_MON_TSAREENA,0,false,false,false,0
FOLLOWER_MON_COMFEY,0,false,false,false,0
FOLLOWER_MON_ORANGURU,0,false,false,false,0
FOLLOWER_MON_PASSIMIAN,0,false,false,false,0
FOLLOWER_MON_WIMPOD,0,false,false,false,0
FOLLOWER_MON_GOLISOPOD,0,false,false,false,0
FOLLOWER_MON_SANDYGAST,0,false,false,false,0
FOLLOWER_MON_PALOSSAND,0,false,false,false,0
FOLLOWER_MON_PYUKUMUKU,0,false,false,false,0
FOLLOWER_MON_TYPE_NULL,0,false,false,false,0
FOLLOWER_MON_SILVALLY,0,false,false,false,0
FOLLOWER_MON_MINIOR,0,false,false,false,0
FOLLOWER_MON_KOMALA,0,false,false,false,0
FOLLOWER_MON_TURTONATOR,0,false,false,false,0
FOLLOWER_MON_TOGEDEMARU,0,false,false,false,0
FOLLOWER_MON_MIMIKYU,0,false,false,false,0
FOLLOWER_MON_BRUXISH,0,false,false,false,0
FOLLOWER_MON_DRAMPA,0,false,false,false,0
FOLLOWER_MON_DHELMISE,0,false,false,false,0
FOLLOWER_MON_JANGMO_O,0,false,false,false,0
FOLLOWER_MON_HAKAMO_O,0,false,false,false,0
FOLLOWER_MON_KOMMO_O,0,false,false,false,0
FOLLOWER_MON_TAPU_KOKO,0,false,false,false,0
FOLLOWER_MON_TAPU_LELE,0,false,false,false,0
FOLLOWER_MON_TAPU_BULU,0,false,false,false,0
FOLLOWER_MON_TAPU_FINI,0,false,false,false,0
FOLLOWER_MON_COSMOG,0,false,false,false,0
FOLLOWER_MON_COSMOEM,0,false,false,false,0
FOLLOWER_MON_SOLGALEO,0,false,false,false,0
FOLLOWER_MON_LUNALA,0,false,false,false,0
FOLLOWER_MON_NIHILEGO,0,false,false,false,0
FOLLOWER_MON_BUZZWOLE,0,false,false,false,0
FOLLOWER_MON_PHEROMOSA,0,false,false,false,0
FOLLOWER_MON_XURKITREE,0,false,false,false,0
FOLLOWER_MON_CELESTEELA,0,false,false,false,0
FOLLOWER_MON_KARTANA,0,false,false,false,0
FOLLOWER_MON_GUZZLORD,0,false,false,false,0
FOLLOWER_MON_NECROZMA,0,false,false,false,0
FOLLOWER_MON_MAGEARNA,0,false,false,false,0
FOLLOWER_MON_MARSHADOW,0,false,false,false,0
FOLLOWER_MON_POIPOLE,0,false,false,false,0
FOLLOWER_MON_NAGANADEL,0,false,false,false,0
FOLLOWER_MON_STAKATAKA,0,false,false,false,0
FOLLOWER_MON_BLACEPHALON,0,false,false,false,0
FOLLOWER_MON_ZERAORA,0,false,false,false,0
FOLLOWER_MON_MELTAN,0,false,false,false,0
FOLLOWER_MON_MELMETAL,0,false,false,false,0
FOLLOWER_MON_GROOKEY,0,false,false,false,0
FOLLOWER_MON_THWACKEY,0,false,false,false,0
FOLLOWER_MON_RILLABOOM,0,false,false,false,0
FOLLOWER_MON_SCORBUNNY,0,false,false,false,0
FOLLOWER_MON_RABOOT,0,false,false,false,0
FOLLOWER_MON_CINDERACE,0,false,false,false,0
FOLLOWER_MON_SOBBLE,0,false,false,false,0
FOLLOWER_MON_DRIZZILE,0,false,false,false,0
FOLLOWER_MON_INTELEON,0,false,false,false,0
FOLLOWER_MON_SKWOVET,0,false,false,false,0
FOLLOWER_MON_GREEDENT,0,false,false,false,0
FOLLOWER_MON_ROOKIDEE,0,false,false,false,0
FOLLOWER_MON_CORVISQUIRE,0,false,false,false,0
FOLLOWER_MON_CORVIKNIGHT,0,false,false,false,0
FOLLOWER_MON_BLIPBUG,0,false,false,false,0
FOLLOWER_MON_DOTTLER,0,false,false,false,0
FOLLOWER_MON_ORBEETLE,0,false,false,false,0
FOLLOWER_MON_NICKIT,0,false,false,false,0
FOLLOWER_MON_THIEVUL,0,false,false,false,0
FOLLOWER_MON_GOSSIFLEUR,0,false,false,false,0
FOLLOWER_MON_ELDEGOSS,0,false,false,false,0
FOLLOWER_MON_WOOLOO,0,false,false,false,0
FOLLOWER_MON_DUBWOOL,0,false,false,false,0
FOLLOWER_MON_CHEWTLE,0,false,false,false,0
FOLLOWER_MON_DREDNAW,0,false,false,false,0
FOLLOWER_MON_YAMPER,0,false,false,false,0
FOLLOWER_MON_BOLTUND,0,false,false,false,0
FOLLOWER_MON_ROLYCOLY,0,false,false,false,0
FOLLOWER_MON_CARKOL,0,false,false,false,0
FOLLOWER_MON_COALOSSAL,0,false,false,false,0
FOLLOWER_MON_SILICOBRA,0,false,false,false,0
FOLLOWER_MON_SANDACONDA,0,false,false,false,0
FOLLOWER_MON_CRAMORANT,0,false,false,false,0
FOLLOWER_MON_ARROKUDA,0,false,false,false,0
FOLLOWER_MON_BARRASKEWDA,0,false,false,false,0
FOLLOWER_MON_TOXEL,0,false,false,false,0
FOLLOWER_MON_TOXTRICITY,0,false,false,false,0
FOLLOWER_MON_CLOBBOPUS,0,false,false,false,0
FOLLOWER_MON_GRAPPLOCT,0,false,false,false,0
FOLLOWER_MON_SINISTEA,0,false,false,false,0
FOLLOWER_MON_POLTEAGEIST,0,false,false,false,0
FOLLOWER_MON_HATENNA,0,false,false,false,0
FOLLOWER_MON_HATTREM,0,false,false,false,0
FOLLOWER_MON_HATTERENE,0,false,false,false,0
FOLLOWER_MON_IMPIDIMP,0,false,false,false,0
FOLLOWER_MON_MORGREM,0,false,false,false,0
FOLLOWER_MON_GRIMMSNARL,0,false,false,false,0
FOLLOWER_MON_OBSTAGOON,0,false,false,false,0
FOLLOWER_MON_PERRSERKER,0,false,false,false,0
FOLLOWER_MON_CURSOLA,0,false,false,false,0
FOLLOWER_MON_SIRFETCHD,0,false,false,false,0
FOLLOWER_MON_MR_RIME,0,false,false,false,0
FOLLOWER_MON_RUNERIGUS,0,false,false,false,0
FOLLOWER_MON_MILCERY,0,false,false,false,0
FOLLOWER_MON_ALCREMIE,0,false,false,false,0
FOLLOWER_MON_FALINKS,0,false,false,false,0
FOLLOWER_MON_PINCURCHIN,0,false,false,false,0
FOLLOWER_MON_SNOM,0,false,false,false,0
FOLLOWER_MON_FROSMOTH,0,false,false,false,0
FOLLOWER_MON_STONJOURNER,0,false,false,false,0
FOLLOWER_MON_EISCUE,0,false,false,false,0
FOLLOWER_MON_INDEEDEE,0,false,false,false,0
FOLLOWER_MON_MORPEKO,0,false,false,false,0
FOLLOWER_MON_CUFANT,0,false,false,false,0
FOLLOWER_MON_COPPERAJAH,0,false,false,false,0
FOLLOWER_MON_DRACOZOLT,0,false,false,false,0
FOLLOWER_MON_ARCTOZOLT,0,false,false,false,0
FOLLOWER_MON_DRACOVISH,0,false,false,false,0
FOLLOWER_MON_ARCTOVISH,0,true,true,true,0
FOLLOWER_MON_DURALUDON,0,false,false,false,0
FOLLOWER_MON_DREEPY,0,false,false,false,0
FOLLOWER_MON_DRAKLOAK,0,false,false,false,0
FOLLOWER_MON_DRAGAPULT,0,false,false,false,0
FOLLOWER_MON_ZACIAN,0,false,false,false,0
FOLLOWER_MON_ZAMAZENTA,0,false,false,false,0
FOLLOWER_MON_ETERNATUS,0,false,false,false,0
FOLLOWER_MON_KUBFU,0,true,true,true,0
FOLLOWER_MON_URSHIFU,0,true,true,true,0
FOLLOWER_MON_ZARUDE,0,false,false,false,0
FOLLOWER_MON_REGIELEKI,0,false,false,false,0
FOLLOWER_MON_REGIDRAGO,0,false,false,false,0
FOLLOWER_MON_GLASTRIER,0,false,false,false,0
FOLLOWER_MON_SPECTRIER,0,false,false,false,0
FOLLOWER_MON_CALYREX,0,false,false,false,0
FOLLOWER_MON_BASCULEGION,0,false,false,false,0
FOLLOWER_MON_SNEASLER,0,false,false,false,0
FOLLOWER_MON_OVERQWIL,0,false,false,false,0
FOLLOWER_MON_ENAMORUS,0,false,false,false,0
FOLLOWER_MON_SPRIGATITO,0,false,false,false,0
FOLLOWER_MON_FLORAGATO,0,false,false,false,0
FOLLOWER_MON_MEOWSCARADA,0,false,false,false,0
FOLLOWER_MON_FUECOCO,0,false,false,false,0
FOLLOWER_MON_CROCALOR,0,false,false,false,0
FOLLOWER_MON_SKELEDIRGE,0,false,false,false,0
FOLLOWER_MON_QUAXLY,0,false,false,false,0
FOLLOWER_MON_QUAXWELL,0,false,false,false,0
FOLLOWER_MON_QUAQUAVAL,0,false,false,false,0
FOLLOWER_MON_LECHONK,0,false,false,false,0
FOLLOWER_MON_OINKOLOGNE,0,false,false,false,0
FOLLOWER_MON_TAROUNTULA,0,false,false,false,0
FOLLOWER_MON_SPIDOPS,0,false,false,false,0
FOLLOWER_MON_NYMBLE,0,false,false,false,0
FOLLOWER_MON_LOKIX,0,false,false,false,0
FOLLOWER_MON_PAWMI,0,false,false,false,0
FOLLOWER_MON_PAWMO,0,false,false,false,0
FOLLOWER_MON_PAWMOT,0,false,false,false,0
FOLLOWER_MON_TANDEMAUS,0,false,false,false,0
FOLLOWER_MON_MAUSHOLD,0,false,false,false,0
FOLLOWER_MON_FIDOUGH,0,false,false,false,0
FOLLOWER_MON_DACHSBUN,0,false,false,false,0
FOLLOWER_MON_SMOLIV,0,false,false,false,0
FOLLOWER_MON_DOLLIV,0,false,false,false,0
FOLLOWER_MON_ARBOLIVA,0,false,false,false,0
FOLLOWER_MON_SQUAWKABILLY,0,false,false,false,0
FOLLOWER_MON_NACLI,0,false,false,false,0
FOLLOWER_MON_NACLSTACK,0,false,false,false,0
FOLLOWER_MON_GARGANACL,0,false,false,false,0
FOLLOWER_MON_CHARCADET,0,false,false,false,0
FOLLOWER_MON_ARMAROUGE,0,false,false,false,0
FOLLOWER_MON_CERULEDGE,0,false,false,false,0
FOLLOWER_MON_TADBULB,0,false,false,false,0
FOLLOWER_MON_BELLIBOLT,0,false,false,false,0
FOLLOWER_MON_WATTREL,0,false,false,false,0
FOLLOWER_MON_KILOWATTREL,0,false,false,false,0
FOLLOWER_MON_MASCHIFF,0,false,false,false,0
FOLLOWER_MON_MABOSSTIFF,0,false,false,false,0
FOLLOWER_MON_SHROODLE,0,false,false,false,0
FOLLOWER_MON_GRAFAIAI,0,false,false,false,0
FOLLOWER_MON_BRAMBLIN,0,false,false,false,0
FOLLOWER_MON_BRAMBLEGHAST,0,false,false,false,0
FOLLOWER_MON_TOEDSCOOL,0,false,false,false,0
FOLLOWER_MON_TOEDSCRUEL,0,false,false,false,0
FOLLOWER_MON_KLAWF,0,false,false,false,0
FOLLOWER_MON_CAPSAKID,0,false,false,false,0
FOLLOWER_MON_SCOVILLAIN,0,false,false,false,0
FOLLOWER_MON_RELLOR,0,false,false,false,0
FOLLOWER_MON_RABSCA,0,false,false,false,0
FOLLOWER_MON_FLITTLE,0,false,false,false,0
FOLLOWER_MON_ESPATHRA,0,false,false,false,0
FOLLOWER_MON_TINKATINK,0,false,false,false,0
FOLLOWER_MON_TINKATUFF,0,false,false,false,0
FOLLOWER_MON_TINKATON,0,false,false,false,0
FOLLOWER_MON_WIGLETT,0,false,false,false,0
FOLLOWER_MON_WUGTRIO,0,false,false,false,0
FOLLOWER_MON_BOMBIRDIER,0,false,false,false,0
FOLLOWER_MON_FINIZEN,0,false,false,false,0
FOLLOWER_MON_PALAFIN,0,false,false,false,0
FOLLOWER_MON_VAROOM,0,false,false,false,0
FOLLOWER_MON_REVAVROOM,0,false,false,false,0
FOLLOWER_MON_CYCLIZAR,0,false,false,false,0
FOLLOWER_MON_ORTHWORM,0,false,false,false,0
FOLLOWER_MON_GLIMMET,0,false,false,false,0
FOLLOWER_MON_GLIMMORA,0,false,false,false,0
FOLLOWER_MON_GREAVARD,0,false,false,false,0
FOLLOWER_MON_HOUNDSTONE,0,false,false,false,0
FOLLOWER_MON_FLAMIGO,0,false,false,false,0
FOLLOWER_MON_CETODDLE,0,false,false,false,0
FOLLOWER_MON_CETITAN,0,false,false,false,0
FOLLOWER_MON_VELUZA,0,false,false,false,0
FOLLOWER_MON_DONDOZO,0,false,false,false,0
FOLLOWER_MON_TATSUGIRI,0,false,false,false,0
FOLLOWER_MON_CLODSIRE,0,false,false,false,0
FOLLOWER_MON_KINGAMBIT,0,false,false,false,0
FOLLOWER_MON_GREAT_TUSK,0,false,false,false,0
FOLLOWER_MON_SCREAM_TAIL,0,false,false,false,0
FOLLOWER_MON_BRUTE_BONNET,0,false,false,false,0
FOLLOWER_MON_FLUTTER_MANE,0,false,false,false,0
FOLLOWER_MON_SLITHER_WING,0,false,false,false,0
FOLLOWER_MON_SANDY_SHOCKS,0,false,false,false,0
FOLLOWER_MON_IRON_TREADS,0,false,false,false,0
FOLLOWER_MON_IRON_BUNDLE,0,false,false,false,0
FOLLOWER_MON_IRON_HANDS,0,false,false,false,0
FOLLOWER_MON_IRON_JUGULIS,0,false,false,false,0
FOLLOWER_MON_IRON_MOTH,0,false,false,false,0
FOLLOWER_MON_IRON_THORNS,0,false,false,false,0
FOLLOWER_MON_FRIGIBAX,0,false,false,false,0
FOLLOWER_MON_ARCTIBAX,0,false,false,false,0
FOLLOWER_MON_BAXCALIBUR,0,false,false,false,0
FOLLOWER_MON_GIMMIGHOUL,0,false,false,false,0
FOLLOWER_MON_GHOLDENGO,0,false,false,false,0
FOLLOWER_MON_WO_CHIEN,0,false,false,false,0
FOLLOWER_MON_CHIEN_PAO,0,false,false,false,0
FOLLOWER_MON_TING_LU,0,false,false,false,0
FOLLOWER_MON_CHI_YU,0,false,false,false,0
FOLLOWER_MON_ROARING_MOON,0,false,false,false,0
FOLLOWER_MON_IRON_VALIANT,0,false,false,false,0
FOLLOWER_MON_KORAIDON,0,false,false,false,0
FOLLOWER_MON_MIRAIDON,0,false,false,false,0
FOLLOWER_MON_WALKING_WAKE,0,false,false,false,0
FOLLOWER_MON_IRON_LEAVES,0,false,false,false,0
FOLLOWER_MON_POLTCHAGEIST,0,false,false,false,0
FOLLOWER_MON_SINISTCHA,0,false,false,false,0
FOLLOWER_MON_OKIDOGI,0,false,false,false,0
FOLLOWER_MON_MUNKIDORI,0,false,false,false,0
FOLLOWER_MON_FEZANDIPITI,0,false,false,false,0
FOLLOWER_MON_OGERPON,0,false,false,false,0
FOLLOWER_MON_ARCHALUDON,0,false,false,false,0
FOLLOWER_MON_GOUGING_FIRE,0,false,false,false,0
FOLLOWER_MON_RAGING_BOLT,0,false,false,false,0
FOLLOWER_MON_IRON_BOULDER,0,false,false,false,0
FOLLOWER_MON_IRON_CROWN,0,false,false,false,0
FOLLOWER_MON_TERAPAGOS,0,false,false,false,0
FOLLOWER_MON_PECHARUNT,0,false,false,false,0
FOLLOWER_MON_RATTATA_ALOLAN,0,false,false,false,0
FOLLOWER_MON_RATICATE_ALOLAN,0,false,false,false,0
FOLLOWER_MON_RAICHU_ALOLAN,0,false,false,false,0
FOLLOWER_MON_SANDSHREW_ALOLAN,0,false,false,false,0
FOLLOWER_MON_SANDSLASH_ALOLAN,0,false,false,false,0
FOLLOWER_MON_VULPIX_ALOLAN,0,false,false,false,0
FOLLOWER_MON_NINETALES_ALOLAN,0,false,false,false,0
FOLLOWER_MON_DIGLETT_ALOLAN,0,false,false,true,0
FOLLOWER_MON_DUGTRIO_ALOLAN,0,false,false,true,0
FOLLOWER_MON_MEOWTH_ALOLAN,0,false,false,false,0
FOLLOWER_MON_PERSIAN_ALOLAN,0,false,false,false,0
FOLLOWER_MON_GEODUDE_ALOLAN,0,false,false,false,0
FOLLOWER_MON_GRAVELER_ALOLAN,0,false,false,false,0
FOLLOWER_MON_GOLEM_ALOLAN,0,false,false,false,0
FOLLOWER_MON_GRIMER_ALOLAN,0,false,false,false,0
FOLLOWER_MON_MUK_ALOLAN,0,false,false,false,0
FOLLOWER_MON_EXEGGUTOR_ALOLAN,0,false,false,false,0
FOLLOWER_MON_MAROWAK_ALOLAN,0,false,false,false,0
FOLLOWER_MON_MEOWTH_GALARIAN,0,false,false,false,0
FOLLOWER_MON_PONYTA_GALARIAN,0,false,false,false,0
FOLLOWER_MON_RAPIDASH_GALARIAN,0,false,false,false,0
FOLLOWER_MON_FARFETCHD_GALARIAN,0,false,false,false,0
FOLLOWER_MON_WEEZING_GALARIAN,0,false,false,true,0
FOLLOWER_MON_MR_MIME_GALARIAN,0,false,false,false,0
FOLLOWER_MON_ARTICUNO_GALARIAN,0,false,true,true,0
FOLLOWER_MON_ZAPDOS_GALARIAN,0,false,true,true,0
FOLLOWER_MON_MOLTRES_GALARIAN,0,false,true,true,0
FOLLOWER_MON_SLOWKING_GALARIAN,0,false,false,false,0
FOLLOWER_MON_CORSOLA_GALARIAN,0,false,false,false,0
FOLLOWER_MON_ZIGZAGOON_GALARIAN,0,false,false,false,0
FOLLOWER_MON_LINOONE_GALARIAN,0,false,false,false,0
FOLLOWER_MON_DARUMAKA_GALARIAN,0,false,false,false,0
FOLLOWER_MON_DARMANITAN_GALARIAN,0,false,false,false,0
FOLLOWER_MON_YAMASK_GALARIAN,0,false,false,false,0
FOLLOWER_MON_STUNFISK_GALARIAN,0,false,false,true,0
FOLLOWER_MON_PIKACHU_COSPLAY,0,false,false,false,0
FOLLOWER_MON_PIKACHU_ROCK_STAR,0,false,false,false,0
FOLLOWER_MON_PIKACHU_BELLE,0,false,false,false,0
FOLLOWER_MON_PIKACHU_POP_STAR,0,false,false,false,0
FOLLOWER_MON_PIKACHU_PH_D,0,false,false,false,0
FOLLOWER_MON_PIKACHU_LIBRE,0,false,false,false,0
FOLLOWER_MON_PIKACHU_ORIGINAL_CAP,0,false,false,false,0
FOLLOWER_MON_PIKACHU_HOENN_CAP,0,false,false,false,0
FOLLOWER_MON_PIKACHU_SINNOH_CAP,0,false,false,false,0
FOLLOWER_MON_PIKACHU_UNOVA_CAP,0,false,false,false,0
FOLLOWER_MON_PIKACHU_KALOS_CAP,0,false,false,false,0
FOLLOWER_MON_PIKACHU_ALOLA_CAP,0,false,false,false,0
FOLLOWER_MON_PIKACHU_PARTNER_CAP,0,false,false,false,0
FOLLOWER_MON_PIKACHU_WORLD_CAP,0,false,false,false,0
FOLLOWER_MON_CASTFORM_SUNNY,0,false,false,true,0
FOLLOWER_MON_CASTFORM_RAINY,0,false,false,true,0
FOLLOWER_MON_CASTFORM_SNOWY,0,false,false,true,0
FOLLOWER_MON_SHELLOS_EAST_SEA,0,false,false,false,0
FOLLOWER_MON_GASTRODON_EAST_SEA,0,false,false,false,0
FOLLOWER_MON_DIALGA_ORIGIN,0,true,false,false,0
FOLLOWER_MON_PALKIA_ORIGIN,0,true,false,false,0
FOLLOWER_MON_BASCULIN_BLUE_STRIPED,0,false,false,false,0
FOLLOWER_MON_BASCULIN_WHITE_STRIPED,0,false,false,false,0
FOLLOWER_MON_DARMANITAN_ZEN_MODE,0,false,false,false,0
FOLLOWER_MON_DARMANITAN_ZEN_MODE_GALARIAN,0,false,false,false,0
FOLLOWER_MON_DEERLING_SUMMER,0,false,false,false,0
FOLLOWER_MON_DEERLING_AUTUMN,0,false,false,false,0
FOLLOWER_MON_DEERLING_WINTER,0,false,false,false,0
FOLLOWER_MON_SAWSBUCK_SUMMER,0,false,false,true,0
FOLLOWER_MON_SAWSBUCK_AUTUMN,0,false,false,true,0
FOLLOWER_MON_SAWSBUCK_WINTER,0,false,false,true,0
FOLLOWER_MON_TORNADUS_THERIAN,0,true,true,true,0
FOLLOWER_MON_THUNDURUS_THERIAN,0,true,true,true,0
FOLLOWER_MON_LANDORUS_THERIAN,0,true,true,true,0
FOLLOWER_MON_KYUREM_WHITE,0,true,true,true,0
FOLLOWER_MON_KYUREM_BLACK,0,true,true,true,0
FOLLOWER_MON_KELDEO_RESOLUTE,0,false,false,true,0
FOLLOWER_MON_MELOETTA_PIROUETTE,0,false,false,false,0
FOLLOWER_MON_GENESECT_DOUSE_DRIVE,0,false,false,false,0
FOLLOWER_MON_GENESECT_SHOCK_DRIVE,0,false,false,false,0
FOLLOWER_MON_GENESECT_BURN_DRIVE,0,false,false,false,0
FOLLOWER_MON_GENESECT_CHILL_DRIVE,0,false,false,false,0
FOLLOWER_MON_VIVILLON_POLAR,0,false,false,false,0
FOLLOWER_MON_VIVILLON_TUNDRA,0,false,false,false,0
FOLLOWER_MON_VIVILLON_CONTINENTAL,0,false,false,false,0
FOLLOWER_MON_VIVILLON_GARDEN,0,false,false,false,0
FOLLOWER_MON_VIVILLON_ELEGANT,0,false,false,false,0
FOLLOWER_MON_VIVILLON_MEADOW,0,false,false,false,0
FOLLOWER_MON_VIVILLON_MODERN,0,false,false,false,0
FOLLOWER_MON_VIVILLON_MARINE,0,false,false,false,0
FOLLOWER_MON_VIVILLON_ARCHIPELAGO,0,false,false,false,0
FOLLOWER_MON_VIVILLON_HIGH_PLAINS,0,false,false,false,0
FOLLOWER_MON_VIVILLON_SANDSTORM,0,false,false,false,0
FOLLOWER_MON_VIVILLON_RIVER,0,false,false,false,0
FOLLOWER_MON_VIVILLON_MONSOON,0,false,false,false,0
FOLLOWER_MON_VIVILLON_SAVANNA,0,false,false,false,0
FOLLOWER_MON_VIVILLON_SUN,0,false,false,false,0
FOLLOWER_MON_VIVILLON_OCEAN,0,false,false,false,0
FOLLOWER_MON_VIVILLON_JUNGLE,0,false,false,false,0
FOLLOWER_MON_VIVILLON_FANCY,0,false,false,false,0
FOLLOWER_MON_VIVILLON_POKE_BALL,0,false,false,false,0
FOLLOWER_MON_FLABEBE_YELLOW_FLOWER,0,false,false,false,0
FOLLOWER_MON_FLABEBE_ORANGE_FLOWER,0,false,false,false,0
FOLLOWER_MON_FLABEBE_BLUE_FLOWER,0,false,false,false,0
FOLLOWER_MON_FLABEBE_WHITE_FLOWER,0,false,false,false,0
FOLLOWER_MON_FLOETTE_YELLOW_FLOWER,0,false,false,false,0
FOLLOWER_MON_FLOETTE_ORANGE_FLOWER,0,false,false,false,0
FOLLOWER_MON_FLOETTE_BLUE_FLOWER,0,false,false,false,0
FOLLOWER_MON_FLOETTE_WHITE_FLOWER,0,false,false,false,0
FOLLOWER_MON_FLOETTE_ETERNAL_FLOWER,0,false,false,false,0
FOLLOWER_MON_FLORGES_YELLOW_FLOWER,0,false,false,false,0
FOLLOWER_MON_FLORGES_ORANGE_FLOWER,0,false,false,false,0
FOLLOWER_MON_FLORGES_BLUE_FLOWER,0,false,false,false,0
FOLLOWER_MON_FLORGES_WHITE_FLOWER,0,false,true,true,0
FOLLOWER_MON_FURFROU_HEART,0,false,false,false,0
FOLLOWER_MON_FURFROU_STAR,0,false,false,false,0
FOLLOWER_MON_FURFROU_DIAMOND,0,false,false,false,0
FOLLOWER_MON_FURFROU_DEBUTANTE,0,false,false,false,0
FOLLOWER_MON_FURFROU_MATRON,0,false,false,false,0
FOLLOWER_MON_FURFROU_DANDY,0,false,false,false,0
FOLLOWER_MON_FURFROU_LA_REINE,0,false,false,false,0
FOLLOWER_MON_FURFROU_KABUKI,0,false,false,false,0
FOLLOWER_MON_FURFROU_PHARAOH,0,false,false,false,0
FOLLOWER_MON_PUMPKABOO_SMALL,0,false,false,false,0
FOLLOWER_MON_PUMPKABOO_LARGE,0,false,false,false,0
FOLLOWER_MON_PUMPKABOO_SUPER,0,false,false,false,0
FOLLOWER_MON_GOURGEIST_SMALL,0,false,false,false,0
FOLLOWER_MON_GOURGEIST_LARGE,0,false,false,false,0
FOLLOWER_MON_GOURGEIST_SUPER,0,false,false,false,0
FOLLOWER_MON_ZYGARDE_10,0,false,false,false,0
FOLLOWER_MON_ZYGARDE_10_POWER_CONSTRUCT,0,false,false,false,0
FOLLOWER_MON_ZYGARDE_50_POWER_CONSTRUCT,0,false,false,false,0
FOLLOWER_MON_ZYGARDE_10_COMPLETE,0,true,true,true,0
FOLLOWER_MON_ZYGARDE_50_COMPLETE,0,false,false,false,0
FOLLOWER_MON_HOOPA_UNBOUND,0,false,false,false,0
FOLLOWER_MON_ORICORIO_POM_POM,0,false,false,false,0
FOLLOWER_MON_ORICORIO_PAU,0,false,false,false,0
FOLLOWER_MON_ORICORIO_SENSU,0,false,false,false,0
FOLLOWER_MON_ROCKRUFF_OWN_TEMPO,0,false,false,false,0
FOLLOWER_MON_LYCANROC_MIDNIGHT,0,false,false,false,0
FOLLOWER_MON_LYCANROC_DUSK,0,false,false,false,0
FOLLOWER_MON_WISHIWASHI_SCHOOL,0,false,false,false,0
FOLLOWER_MON_MINIOR_METEOR_ORANGE,0,false,false,false,0
FOLLOWER_MON_MINIOR_METEOR_YELLOW,0,false,false,false,0
FOLLOWER_MON_MINIOR_METEOR_GREEN,0,false,false,false,0
FOLLOWER_MON_MINIOR_METEOR_BLUE,0,false,false,false,0
FOLLOWER_MON_MINIOR_METEOR_INDIGO,0,false,false,false,0
FOLLOWER_MON_MINIOR_METEOR_VIOLET,0,false,false,false,0
FOLLOWER_MON_NECROZMA_DUSK_MANE,0,false,false,false,0
FOLLOWER_MON_NECROZMA_DAWN_WINGS,0,false,false,false,0
FOLLOWER_MON_MAGEARNA_ORIGINAL,0,false,false,false,0
FOLLOWER_MON_PIKACHU_PARTNER,0,false,false,false,0
FOLLOWER_MON_EEVEE_PARTNER,0,false,false,false,0
FOLLOWER_MON_TOXTRICITY_LOW_KEY,0,false,false,false,0
FOLLOWER_MON_SINISTEA_ANTIQUE,0,false,false,false,0
FOLLOWER_MON_POLTEAGEIST_ANTIQUE,0,false,false,false,0
FOLLOWER_MON_ALCREMIE_BERRY_SWEET,0,false,false,false,0
FOLLOWER_MON_ALCREMIE_LOVE_SWEET,0,false,false,false,0
FOLLOWER_MON_ALCREMIE_STAR_SWEET,0,false,false,false,0
FOLLOWER_MON_ALCREMIE_CLOVER_SWEET,0,false,false,false,0
FOLLOWER_MON_ALCREMIE_FLOWER_SWEET,0,false,false,false,0
FOLLOWER_MON_ALCREMIE_RIBBON_SWEET,0,false,false,false,0
FOLLOWER_MON_URSHIFU_RAPID_STRIKE,0,false,false,false,0
FOLLOWER_MON_ZARUDE_DADA,0,false,false,false,0
FOLLOWER_MON_CALYREX_ICE_RIDER,0,false,false,false,0
FOLLOWER_MON_CALYREX_SHADOW_RIDER,0,false,false,false,0
FOLLOWER_MON_ENAMORUS_THERIAN,0,false,false,false,0
FOLLOWER_MON_GROWLITHE_HISUIAN,0,false,false,false,0
FOLLOWER_MON_ARCANINE_HISUIAN,0,false,false,false,0
FOLLOWER_MON_VOLTORB_HISUIAN,0,false,false,false,0
FOLLOWER_MON_ELECTRODE_HISUIAN,0,false,false,false,0
FOLLOWER_MON_TYPHLOSION_HISUIAN,0,false,false,false,0
FOLLOWER_MON_QWILFISH_HISUIAN,0,false,false,true,0
FOLLOWER_MON_SNEASEL_HISUIAN,0,false,false,false,0
FOLLOWER_MON_SAMUROTT_HISUIAN,0,false,false,true,0
FOLLOWER_MON_LILLIGANT_HISUIAN,0,false,false,false,0
FOLLOWER_MON_ZORUA_HISUIAN,0,false,false,false,0
FOLLOWER_MON_ZOROARK_HISUIAN,0,false,false,false,0
FOLLOWER_MON_BRAVIARY_HISUIAN,0,false,false,true,0
FOLLOWER_MON_SLIGGOO_HISUIAN,0,false,false,false,0
FOLLOWER_MON_GOODRA_HISUIAN,0,false,false,false,0
FOLLOWER_MON_AVALUGG_HISUIAN,0,false,false,false,0
FOLLOWER_MON_DECIDUEYE_HISUIAN,0,false,false,false,0
FOLLOWER_MON_UNFEZANT_FEMALE,0,false,false,true,0
FOLLOWER_MON_FRILLISH_FEMALE,0,false,false,false,0
FOLLOWER_MON_JELLICENT_FEMALE,0,false,false,true,0
FOLLOWER_MON_PYROAR_FEMALE,0,false,false,false,0
FOLLOWER_MON_MEOWSTIC_FEMALE,0,false,false,false,0
FOLLOWER_MON_INDEEDEE_FEMALE,0,false,false,false,0
FOLLOWER_MON_BASCULEGION_FEMALE,0,false,false,false,0
FOLLOWER_MON_MAUSHOLD_FAMILY_OF_THREE,0,false,false,false,0
FOLLOWER_MON_SQUAWKABILLY_BLUE_PLUMAGE,0,false,false,false,0
FOLLOWER_MON_SQUAWKABILLY_YELLOW_PLUMAGE,0,false,false,false,0
FOLLOWER_MON_SQUAWKABILLY_WHITE_PLUMAGE,0,false,false,false,0
FOLLOWER_MON_TATSUGIRI_DROOPY,0,false,false,false,0
FOLLOWER_MON_TATSUGIRI_STRETCHY,0,false,false,false,0
FOLLOWER_MON_DUDUNSPARCE_THREE_SEGMENT,0,false,false,false,0
FOLLOWER_MON_GIMMIGHOUL_ROAMING,0,false,false,false,0
FOLLOWER_MON_WOOPER_PALDEAN,0,false,false,false,0
FOLLOWER_MON_TAUROS_COMBAT,0,false,false,false,0
FOLLOWER_MON_TAUROS_BLAZE,0,false,false,false,0
FOLLOWER_MON_TAUROS_AQUA,0,false,false,false,0
FOLLOWER_MON_OINKOLOGNE_FEMALE,0,false,false,false,0
FOLLOWER_MON_REVAVROOM_SEGIN,0,false,false,false,0
FOLLOWER_MON_REVAVROOM_SCHEDAR,0,false,false,false,0
FOLLOWER_MON_REVAVROOM_NAVI,0,false,false,false,0
FOLLOWER_MON_REVAVROOM_RUCHBAH,0,false,false,false,0
FOLLOWER_MON_REVAVROOM_CAPH,0,false,false,false,0
FOLLOWER_MON_OGERPON_WELLSPRING_MASK,0,false,false,false,0
FOLLOWER_MON_OGERPON_HEARTHFLAME_MASK,0,false,false,false,0
FOLLOWER_MON_OGERPON_CORNERSTONE_MASK,0,false,false,false,0
FOLLOWER_MON_URSALUNA_BLOODMOON,0,false,false,false,0
