ndex,name,shape
1,Bulbasaur,8
2,Ivysaur,8
3,Venusaur,8
4,Charmander,6
5,Charmeleon,6
6,Charizard,6
7,Squirtle,6
8,Wartortle,6
9,Blastoise,6
10,Caterpie,14
11,Metapod,2
12,Butterfree,13
13,Weedle,14
14,Kakuna,2
15,Beedrill,13
16,Pidgey,9
17,Pidgeotto,9
18,Pidgeot,9
19,Rattata,8
20,Raticate,8
21,Spearow,9
22,Fearow,9
23,Ekans,2
24,Arbok,2
25,Pikachu,8
26,Raichu,6
27,Sandshrew,6
28,Sandslash,6
29,Nidoran♀,8
30,Nidorina,8
31,Nidoqueen,6
32,Nidoran♂,8
33,Nidorino,8
34,Nidoking,6
35,Clefairy,6
36,Clefable,6
37,Vulpix,8
38,Ninetales,8
39,Jigglypuff,12
40,Wigglytuff,12
41,Zubat,9
42,Golbat,9
43,Oddish,7
44,Gloom,12
45,Vileplume,12
46,Paras,14
47,Parasect,14
48,Venonat,12
49,Venomoth,13
50,Diglett,5
51,Dugtrio,11
52,Meowth,8
53,Persian,8
54,Psyduck,6
55,Golduck,6
56,Mankey,6
57,Primeape,6
58,Growlithe,8
59,Arcanine,8
60,Poliwag,7
61,Poliwhirl,12
62,Poliwrath,12
63,Abra,6
64,Kadabra,6
65,Alakazam,12
66,Machop,6
67,Machoke,12
68,Machamp,12
69,Bellsprout,12
70,Weepinbell,5
71,Victreebel,5
72,Tentacool,10
73,Tentacruel,10
74,Geodude,4
75,Graveler,12
76,Golem,12
77,Ponyta,8
78,Rapidash,8
79,Slowpoke,8
80,Slowbro,6
81,Magnemite,4
82,Magneton,11
83,Farfetch'd,9
84,Doduo,7
85,Dodrio,7
86,Seel,3
87,Dewgong,3
88,Grimer,4
89,Muk,4
90,Shellder,1
91,Cloyster,1
92,Gastly,1
93,Haunter,4
94,Gengar,6
95,Onix,2
96,Drowzee,12
97,Hypno,12
98,Krabby,14
99,Kingler,14
100,Voltorb,1
101,Electrode,1
102,Exeggcute,11
103,Exeggutor,7
104,Cubone,6
105,Marowak,6
106,Hitmonlee,12
107,Hitmonchan,12
108,Lickitung,6
109,Koffing,1
110,Weezing,11
111,Rhyhorn,8
112,Rhydon,6
113,Chansey,6
114,Tangela,7
115,Kangaskhan,6
116,Horsea,5
117,Seadra,5
118,Goldeen,3
119,Seaking,3
120,Staryu,5
121,Starmie,5
122,Mr. Mime,12
123,Scyther,13
124,Jynx,12
125,Electabuzz,6
126,Magmar,6
127,Pinsir,12
128,Tauros,8
129,Magikarp,3
130,Gyarados,2
131,Lapras,3
132,Ditto,1
133,Eevee,8
134,Vaporeon,8
135,Jolteon,8
136,Flareon,8
137,Porygon,7
138,Omanyte,10
139,Omastar,10
140,Kabuto,14
141,Kabutops,6
142,Aerodactyl,9
143,Snorlax,12
144,Articuno,9
145,Zapdos,9
146,Moltres,9
147,Dratini,2
148,Dragonair,2
149,Dragonite,6
150,Mewtwo,6
151,Mew,6
152,Chikorita,8
153,Bayleef,8
154,Meganium,8
155,Cyndaquil,12
156,Quilava,8
157,Typhlosion,8
158,Totodile,6
159,Croconaw,6
160,Feraligatr,6
161,Sentret,8
162,Furret,8
163,Hoothoot,9
164,Noctowl,9
165,Ledyba,9
166,Ledian,9
167,Spinarak,14
168,Ariados,14
169,Crobat,13
170,Chinchou,3
171,Lanturn,3
172,Pichu,8
173,Cleffa,6
174,Igglybuff,12
175,Togepi,12
176,Togetic,12
177,Natu,9
178,Xatu,9
179,Mareep,8
180,Flaaffy,6
181,Ampharos,6
182,Bellossom,12
183,Marill,6
184,Azumarill,6
185,Sudowoodo,12
186,Politoed,12
187,Hoppip,6
188,Skiploom,6
189,Jumpluff,6
190,Aipom,6
191,Sunkern,1
192,Sunflora,12
193,Yanma,13
194,Wooper,7
195,Quagsire,6
196,Espeon,8
197,Umbreon,8
198,Murkrow,9
199,Slowking,6
200,Misdreavus,1
201,Unown,1
202,Wobbuffet,5
203,Girafarig,8
204,Pineco,1
205,Forretress,1
206,Dunsparce,2
207,Gligar,9
208,Steelix,2
209,Snubbull,12
210,Granbull,6
211,Qwilfish,3
212,Scizor,13
213,Shuckle,14
214,Heracross,12
215,Sneasel,6
216,Teddiursa,6
217,Ursaring,6
218,Slugma,2
219,Magcargo,2
220,Swinub,8
221,Piloswine,8
222,Corsola,14
223,Remoraid,3
224,Octillery,10
225,Delibird,9
226,Mantine,9
227,Skarmory,9
228,Houndour,8
229,Houndoom,8
230,Kingdra,5
231,Phanpy,8
232,Donphan,8
233,Porygon2,7
234,Stantler,8
235,Smeargle,6
236,Tyrogue,12
237,Hitmontop,6
238,Smoochum,12
239,Elekid,12
240,Magby,6
241,Miltank,6
242,Blissey,12
243,Raikou,8
244,Entei,8
245,Suicune,8
246,Larvitar,6
247,Pupitar,2
248,Tyranitar,6
249,Lugia,9
250,Ho-Oh,9
251,Celebi,12
252,Treecko,6
253,Grovyle,6
254,Sceptile,6
255,Torchic,7
256,Combusken,6
257,Blaziken,6
258,Mudkip,8
259,Marshtomp,6
260,Swampert,6
261,Poochyena,8
262,Mightyena,8
263,Zigzagoon,8
264,Linoone,8
265,Wurmple,14
266,Silcoon,1
267,Beautifly,13
268,Cascoon,1
269,Dustox,13
270,Lotad,14
271,Lombre,12
272,Ludicolo,12
273,Seedot,7
274,Nuzleaf,12
275,Shiftry,12
276,Taillow,9
277,Swellow,9
278,Wingull,9
279,Pelipper,9
280,Ralts,12
281,Kirlia,12
282,Gardevoir,12
283,Surskit,14
284,Masquerain,13
285,Shroomish,7
286,Breloom,6
287,Slakoth,8
288,Vigoroth,6
289,Slaking,12
290,Nincada,14
291,Ninjask,13
292,Shedinja,5
293,Whismur,6
294,Loudred,6
295,Exploud,6
296,Makuhita,12
297,Hariyama,12
298,Azurill,7
299,Nosepass,12
300,Skitty,8
301,Delcatty,8
302,Sableye,12
303,Mawile,12
304,Aron,8
305,Lairon,8
306,Aggron,6
307,Meditite,12
308,Medicham,12
309,Electrike,8
310,Manectric,8
311,Plusle,6
312,Minun,6
313,Volbeat,6
314,Illumise,12
315,Roselia,12
316,Gulpin,4
317,Swalot,4
318,Carvanha,3
319,Sharpedo,3
320,Wailmer,3
321,Wailord,3
322,Numel,8
323,Camerupt,8
324,Torkoal,8
325,Spoink,4
326,Grumpig,6
327,Spinda,6
328,Trapinch,14
329,Vibrava,13
330,Flygon,9
331,Cacnea,12
332,Cacturne,12
333,Swablu,9
334,Altaria,9
335,Zangoose,6
336,Seviper,2
337,Lunatone,1
338,Solrock,1
339,Barboach,3
340,Whiscash,3
341,Corphish,14
342,Crawdaunt,14
343,Baltoy,4
344,Claydol,4
345,Lileep,5
346,Cradily,5
347,Anorith,14
348,Armaldo,6
349,Feebas,3
350,Milotic,2
351,Castform,1
352,Kecleon,6
353,Shuppet,1
354,Banette,6
355,Duskull,4
356,Dusclops,12
357,Tropius,8
358,Chimecho,4
359,Absol,8
360,Wynaut,6
361,Snorunt,12
362,Glalie,1
363,Spheal,3
364,Sealeo,3
365,Walrein,8
366,Clamperl,1
367,Huntail,2
368,Gorebyss,2
369,Relicanth,3
370,Luvdisc,3
371,Bagon,12
372,Shelgon,8
373,Salamence,8
374,Beldum,5
375,Metang,4
376,Metagross,11
377,Regirock,12
378,Regice,12
379,Registeel,12
380,Latias,9
381,Latios,9
382,Kyogre,3
383,Groudon,6
384,Rayquaza,2
385,Jirachi,12
386,Deoxys,12
387,Turtwig,8
388,Grotle,8
389,Torterra,8
390,Chimchar,6
391,Monferno,6
392,Infernape,6
393,Piplup,12
394,Prinplup,6
395,Empoleon,6
396,Starly,9
397,Staravia,9
398,Staraptor,9
399,Bidoof,8
400,Bibarel,6
401,Kricketot,12
402,Kricketune,13
403,Shinx,8
404,Luxio,8
405,Luxray,8
406,Budew,12
407,Roserade,12
408,Cranidos,6
409,Rampardos,6
410,Shieldon,8
411,Bastiodon,8
412,Burmy,5
413,Wormadam,5
414,Mothim,13
415,Combee,11
416,Vespiquen,13
417,Pachirisu,8
418,Buizel,8
419,Floatzel,8
420,Cherubi,11
421,Cherrim,7
422,Shellos,2
423,Gastrodon,2
424,Ambipom,6
425,Drifloon,4
426,Drifblim,4
427,Buneary,6
428,Lopunny,6
429,Mismagius,1
430,Honchkrow,9
431,Glameow,8
432,Purugly,8
433,Chingling,12
434,Stunky,8
435,Skuntank,8
436,Bronzor,1
437,Bronzong,4
438,Bonsly,7
439,Mime Jr.,12
440,Happiny,12
441,Chatot,9
442,Spiritomb,5
443,Gible,6
444,Gabite,6
445,Garchomp,6
446,Munchlax,12
447,Riolu,6
448,Lucario,6
449,Hippopotas,8
450,Hippowdon,8
451,Skorupi,14
452,Drapion,14
453,Croagunk,12
454,Toxicroak,12
455,Carnivine,10
456,Finneon,3
457,Lumineon,3
458,Mantyke,9
459,Snover,6
460,Abomasnow,6
461,Weavile,6
462,Magnezone,4
463,Lickilicky,12
464,Rhyperior,6
465,Tangrowth,12
466,Electivire,6
467,Magmortar,6
468,Togekiss,9
469,Yanmega,13
470,Leafeon,8
471,Glaceon,8
472,Gliscor,9
473,Mamoswine,8
474,Porygon-Z,4
475,Gallade,12
476,Probopass,11
477,Dusknoir,4
478,Froslass,4
479,Rotom,1
480,Uxie,6
481,Mesprit,6
482,Azelf,6
483,Dialga,8
484,Palkia,6
485,Heatran,8
486,Regigigas,12
487,Giratina,10
488,Cresselia,2
489,Phione,4
490,Manaphy,12
491,Darkrai,12
492,Shaymin,8
493,Arceus,8
494,Victini,12
495,Snivy,6
496,Servine,6
497,Serperior,2
498,Tepig,8
499,Pignite,6
500,Emboar,6
501,Oshawott,6
502,Dewott,6
503,Samurott,8
504,Patrat,8
505,Watchog,6
506,Lillipup,8
507,Herdier,8
508,Stoutland,8
509,Purrloin,8
510,Liepard,8
511,Pansage,6
512,Simisage,6
513,Pansear,6
514,Simisear,6
515,Panpour,6
516,Simipour,6
517,Munna,8
518,Musharna,12
519,Pidove,9
520,Tranquill,9
521,Unfezant,9
522,Blitzle,8
523,Zebstrika,8
524,Roggenrola,7
525,Boldore,10
526,Gigalith,10
527,Woobat,9
528,Swoobat,9
529,Drilbur,6
530,Excadrill,12
531,Audino,6
532,Timburr,12
533,Gurdurr,12
534,Conkeldurr,12
535,Tympole,3
536,Palpitoad,6
537,Seismitoad,12
538,Throh,12
539,Sawk,12
540,Sewaddle,14
541,Swadloon,4
542,Leavanny,12
543,Venipede,14
544,Whirlipede,1
545,Scolipede,14
546,Cottonee,1
547,Whimsicott,12
548,Petilil,5
549,Lilligant,5
550,Basculin,3
551,Sandile,8
552,Krokorok,8
553,Krookodile,6
554,Darumaka,12
555,Darmanitan,8
556,Maractus,5
557,Dwebble,14
558,Crustle,14
559,Scraggy,6
560,Scrafty,6
561,Sigilyph,9
562,Yamask,4
563,Cofagrigus,5
564,Tirtouga,8
565,Carracosta,6
566,Archen,9
567,Archeops,9
568,Trubbish,12
569,Garbodor,12
570,Zorua,8
571,Zoroark,6
572,Minccino,8
573,Cinccino,8
574,Gothita,12
575,Gothorita,12
576,Gothitelle,12
577,Solosis,1
578,Duosion,1
579,Reuniclus,4
580,Ducklett,9
581,Swanna,9
582,Vanillite,5
583,Vanillish,5
584,Vanilluxe,11
585,Deerling,8
586,Sawsbuck,8
587,Emolga,8
588,Karrablast,12
589,Escavalier,4
590,Foongus,4
591,Amoonguss,4
592,Frillish,10
593,Jellicent,10
594,Alomomola,3
595,Joltik,14
596,Galvantula,14
597,Ferroseed,1
598,Ferrothorn,10
599,Klink,11
600,Klang,11
601,Klinklang,11
602,Tynamo,3
603,Eelektrik,3
604,Eelektross,3
605,Elgyem,6
606,Beheeyem,12
607,Litwick,5
608,Lampent,4
609,Chandelure,4
610,Axew,6
611,Fraxure,6
612,Haxorus,6
613,Cubchoo,6
614,Beartic,8
615,Cryogonal,1
616,Shelmet,1
617,Accelgor,4
618,Stunfisk,3
619,Mienfoo,6
620,Mienshao,6
621,Druddigon,6
622,Golett,12
623,Golurk,12
624,Pawniard,12
625,Bisharp,12
626,Bouffalant,8
627,Rufflet,9
628,Braviary,9
629,Vullaby,9
630,Mandibuzz,9
631,Heatmor,6
632,Durant,14
633,Deino,8
634,Zweilous,8
635,Hydreigon,6
636,Larvesta,14
637,Volcarona,13
638,Cobalion,8
639,Terrakion,8
640,Virizion,8
641,Tornadus,4
642,Thundurus,4
643,Reshiram,9
644,Zekrom,6
645,Landorus,4
646,Kyurem,6
647,Keldeo,8
648,Meloetta,12
649,Genesect,12
650,Chespin,6
651,Quilladin,6
652,Chesnaught,6
653,Fennekin,8
654,Braixen,6
655,Delphox,6
656,Froakie,8
657,Frogadier,12
658,Greninja,12
659,Bunnelby,6
660,Diggersby,6
661,Fletchling,9
662,Fletchinder,9
663,Talonflame,9
664,Scatterbug,14
665,Spewpa,5
666,Vivillon,13
667,Litleo,8
668,Pyroar,8
669,Flabébé,4
670,Floette,4
671,Florges,4
672,Skiddo,8
673,Gogoat,8
674,Pancham,6
675,Pangoro,12
676,Furfrou,8
677,Espurr,6
678,Meowstic,6
679,Honedge,5
680,Doublade,11
681,Aegislash,5
682,Spritzee,4
683,Aromatisse,12
684,Swirlix,7
685,Slurpuff,12
686,Inkay,10
687,Malamar,5
688,Binacle,11
689,Barbaracle,11
690,Skrelp,5
691,Dragalge,5
692,Clauncher,14
693,Clawitzer,2
694,Helioptile,6
695,Heliolisk,6
696,Tyrunt,6
697,Tyrantrum,6
698,Amaura,8
699,Aurorus,8
700,Sylveon,8
701,Hawlucha,12
702,Dedenne,6
703,Carbink,1
704,Goomy,2
705,Sliggoo,2
706,Goodra,6
707,Klefki,1
708,Phantump,4
709,Trevenant,10
710,Pumpkaboo,1
711,Gourgeist,5
712,Bergmite,8
713,Avalugg,8
714,Noibat,9
715,Noivern,9
716,Xerneas,8
717,Yveltal,9
718,Zygarde,2
719,Diancie,4
720,Hoopa,4
721,Volcanion,8
722,Rowlet,9
723,Dartrix,9
724,Decidueye,9
725,Litten,8
726,Torracat,8
727,Incineroar,6
728,Popplio,3
729,Brionne,3
730,Primarina,3
731,Pikipek,9
732,Trumbeak,9
733,Toucannon,9
734,Yungoos,8
735,Gumshoos,8
736,Grubbin,14
737,Charjabug,2
738,Vikavolt,14
739,Crabrawler,14
740,Crabominable,14
741,Oricorio,9
742,Cutiefly,14
743,Ribombee,13
744,Rockruff,8
745,Lycanroc,8
746,Wishiwashi,3
747,Mareanie,5
748,Toxapex,10
749,Mudbray,8
750,Mudsdale,8
751,Dewpider,7
752,Araquanid,14
753,Fomantis,6
754,Lurantis,12
755,Morelull,5
756,Shiinotic,12
757,Salandit,8
758,Salazzle,8
759,Stufful,8
760,Bewear,6
761,Bounsweet,7
762,Steenee,12
763,Tsareena,12
764,Comfey,1
765,Oranguru,12
766,Passimian,6
767,Wimpod,10
768,Golisopod,12
769,Sandygast,2
770,Palossand,2
771,Pyukumuku,2
772,Type: Null,8
773,Silvally,8
774,Minior,1
775,Komala,12
776,Turtonator,6
777,Togedemaru,6
778,Mimikyu,2
779,Bruxish,3
780,Drampa,2
781,Dhelmise,5
782,Jangmo-o,8
783,Hakamo-o,6
784,Kommo-o,6
785,Tapu Koko,4
786,Tapu Lele,4
787,Tapu Bulu,4
788,Tapu Fini,4
789,Cosmog,1
790,Cosmoem,1
791,Solgaleo,8
792,Lunala,9
793,Nihilego,10
794,Buzzwole,10
795,Pheromosa,12
796,Xurkitree,6
797,Celesteela,12
798,Kartana,12
799,Guzzlord,6
800,Necrozma,4
801,Magearna,12
802,Marshadow,12
803,Poipole,6
804,Naganadel,9
805,Stakataka,8
806,Blacephalon,12
807,Zeraora,12
808,Meltan,1
809,Melmetal,12
810,Grookey,6
811,Thwackey,6
812,Rillaboom,12
813,Scorbunny,6
814,Raboot,6
815,Cinderace,6
816,Sobble,8
817,Drizzile,6
818,Inteleon,6
819,Skwovet,6
820,Greedent,6
821,Rookidee,9
822,Corvisquire,9
823,Corviknight,9
824,Blipbug,14
825,Dottler,14
826,Orbeetle,9
827,Nickit,8
828,Thievul,8
829,Gossifleur,5
830,Eldegoss,5
831,Wooloo,8
832,Dubwool,8
833,Chewtle,8
834,Drednaw,8
835,Yamper,8
836,Boltund,8
837,Rolycoly,1
838,Carkol,7
839,Coalossal,12
840,Applin,2
841,Flapple,9
842,Appletun,8
843,Silicobra,2
844,Sandaconda,2
845,Cramorant,9
846,Arrokuda,3
847,Barraskewda,3
848,Toxel,6
849,Toxtricity,6
850,Sizzlipede,10
851,Centiskorch,10
852,Clobbopus,10
853,Grapploct,10
854,Sinistea,1
855,Polteageist,1
856,Hatenna,7
857,Hattrem,12
858,Hatterene,5
859,Impidimp,12
860,Morgrem,12
861,Grimmsnarl,12
862,Obstagoon,6
863,Perrserker,6
864,Cursola,4
865,Sirfetch'd,9
866,Mr. Rime,12
867,Runerigus,5
868,Milcery,1
869,Alcremie,5
870,Falinks,11
871,Pincurchin,10
872,Snom,2
873,Frosmoth,13
874,Stonjourner,7
875,Eiscue,6
876,Indeedee,6
877,Morpeko,12
878,Cufant,8
879,Copperajah,8
880,Dracozolt,6
881,Arctozolt,6
882,Dracovish,7
883,Arctovish,3
884,Duraludon,6
885,Dreepy,2
886,Drakloak,4
887,Dragapult,6
888,Zacian,8
889,Zamazenta,8
890,Eternatus,9
891,Kubfu,6
892,Urshifu,12
893,Zarude,6
894,Regieleki,12
895,Regidrago,12
896,Glastrier,8
897,Spectrier,8
898,Calyrex,12
899,Wyrdeer,8
900,Kleavor,13
901,Ursaluna,8
902,Basculegion,3
903,Sneasler,12
904,Overqwil,3
905,Enamorus,4
906,Sprigatito,8
907,Floragato,6
908,Meowscarada,6
909,Fuecoco,6
910,Crocalor,6
911,Skeledirge,8
912,Quaxly,6
913,Quaxwell,6
914,Quaquaval,6
915,Lechonk,8
916,Oinkologne,8
917,Tarountula,14
918,Spidops,14
919,Nymble,14
920,Lokix,12
921,Pawmi,8
922,Pawmo,6
923,Pawmot,6
924,Tandemaus,11
925,Maushold,11
926,Fidough,8
927,Dachsbun,8
928,Smoliv,7
929,Dolliv,12
930,Arboliva,12
931,Squawkabilly,9
932,Nacli,1
933,Naclstack,8
934,Garganacl,12
935,Charcadet,12
936,Armarouge,12
937,Ceruledge,12
938,Tadbulb,1
939,Bellibolt,12
940,Wattrel,9
941,Kilowattrel,9
942,Maschiff,8
943,Mabosstiff,8
944,Shroodle,8
945,Grafaiai,6
946,Bramblin,1
947,Brambleghast,1
948,Toedscool,7
949,Toedscruel,10
950,Klawf,14
951,Capsakid,6
952,Scovillain,6
953,Rellor,14
954,Rabsca,14
955,Flittle,7
956,Espathra,6
957,Tinkatink,12
958,Tinkatuff,12
959,Tinkaton,12
960,Wiglett,5
961,Wugtrio,5
962,Bombirdier,9
963,Finizen,3
964,Palafin,3
965,Varoom,7
966,Revavroom,7
967,Cyclizar,8
968,Orthworm,2
969,Glimmet,1
970,Glimmora,1
971,Greavard,8
972,Houndstone,8
973,Flamigo,9
974,Cetoddle,6
975,Cetitan,6
976,Veluza,3
977,Dondozo,3
978,Tatsugiri,3
979,Annihilape,12
980,Clodsire,8
981,Farigiraf,8
982,Dudunsparce,2
983,Kingambit,12
984,Great Tusk,8
985,Scream Tail,6
986,Brute Bonnet,8
987,Flutter Mane,9
988,Slither Wing,8
989,Sandy Shocks,8
990,Iron Treads,8
991,Iron Bundle,6
992,Iron Hands,12
993,Iron Jugulis,6
994,Iron Moth,13
995,Iron Thorns,6
996,Frigibax,6
997,Arctibax,6
998,Baxcalibur,6
999,Gimmighoul,5
1000,Gholdengo,12
1001,Wo-Chien,2
1002,Chien-Pao,8
1003,Ting-Lu,8
1004,Chi-Yu,3
1005,Roaring Moon,8
1006,Iron Valiant,12
1007,Koraidon,6
1008,Miraidon,8
1009,Walking Wake,6
1010,Iron Leaves,8
1011,Dipplin,11
1012,Poltchageist,1
1013,Sinistcha,1
1014,Okidogi,6
1015,Munkidori,12
1016,Fezandipiti,9
1017,Ogerpon,12
1018,Archaludon,6
1019,Hydrapple,11
1020,Gouging Fire,8
1021,Raging Bolt,8
1022,Iron Boulder,8
1023,Iron Crown,8
1024,Terapagos,8
1025,Pecharunt,1
